{"cols":[{"id":"tag","label":"Tag","type":"string"},{"id":"URL","label":"URL","type":"string"},{"id":"frequency","label":"Frequency","type":"number"}],"rows":[{"c":[{"v":"c#"},{"v":"http://careers.stackoverflow.com/jobs/tag/c#"},{"v":20}]},{"c":[{"v":"asp.net"},{"v":"http://careers.stackoverflow.com/jobs/tag/asp.net"},{"v":7}]},{"c":[{"v":"html"},{"v":"http://careers.stackoverflow.com/jobs/tag/html"},{"v":24}]},{"c":[{"v":"jquery"},{"v":"http://careers.stackoverflow.com/jobs/tag/jquery"},{"v":19}]},{"c":[{"v":"entity-framework"},{"v":"http://careers.stackoverflow.com/jobs/tag/entity-framework"},{"v":0}]},{"c":[{"v":"ruby"},{"v":"http://careers.stackoverflow.com/jobs/tag/ruby"},{"v":8}]},{"c":[{"v":"nosql"},{"v":"http://careers.stackoverflow.com/jobs/tag/nosql"},{"v":1}]},{"c":[{"v":"riak"},{"v":"http://careers.stackoverflow.com/jobs/tag/riak"},{"v":0}]},{"c":[{"v":"erlang"},{"v":"http://careers.stackoverflow.com/jobs/tag/erlang"},{"v":0}]},{"c":[{"v":"c++"},{"v":"http://careers.stackoverflow.com/jobs/tag/c++"},{"v":18}]},{"c":[{"v":"linux"},{"v":"http://careers.stackoverflow.com/jobs/tag/linux"},{"v":10}]},{"c":[{"v":"unix-programming"},{"v":"http://careers.stackoverflow.com/jobs/tag/unix-programming"},{"v":0}]},{"c":[{"v":"python"},{"v":"http://careers.stackoverflow.com/jobs/tag/python"},{"v":19}]},{"c":[{"v":"ace"},{"v":"http://careers.stackoverflow.com/jobs/tag/ace"},{"v":0}]},{"c":[{"v":"gadgetfreak"},{"v":"http://careers.stackoverflow.com/jobs/tag/gadgetfreak"},{"v":0}]},{"c":[{"v":"css2"},{"v":"http://careers.stackoverflow.com/jobs/tag/css2"},{"v":0}]},{"c":[{"v":"css"},{"v":"http://careers.stackoverflow.com/jobs/tag/css"},{"v":19}]},{"c":[{"v":"cocoa-touch"},{"v":"http://careers.stackoverflow.com/jobs/tag/cocoa-touch"},{"v":0}]},{"c":[{"v":"objective-c"},{"v":"http://careers.stackoverflow.com/jobs/tag/objective-c"},{"v":5}]},{"c":[{"v":"ios5"},{"v":"http://careers.stackoverflow.com/jobs/tag/ios5"},{"v":0}]},{"c":[{"v":"iphone"},{"v":"http://careers.stackoverflow.com/jobs/tag/iphone"},{"v":1}]},{"c":[{"v":"ipad"},{"v":"http://careers.stackoverflow.com/jobs/tag/ipad"},{"v":1}]},{"c":[{"v":"automation"},{"v":"http://careers.stackoverflow.com/jobs/tag/automation"},{"v":0}]},{"c":[{"v":"mobile"},{"v":"http://careers.stackoverflow.com/jobs/tag/mobile"},{"v":1}]},{"c":[{"v":"windows-phone-7.1"},{"v":"http://careers.stackoverflow.com/jobs/tag/windows-phone-7.1"},{"v":0}]},{"c":[{"v":"silverlight"},{"v":"http://careers.stackoverflow.com/jobs/tag/silverlight"},{"v":1}]},{"c":[{"v":"h.264"},{"v":"http://careers.stackoverflow.com/jobs/tag/h.264"},{"v":0}]},{"c":[{"v":"rake"},{"v":"http://careers.stackoverflow.com/jobs/tag/rake"},{"v":0}]},{"c":[{"v":"selenium"},{"v":"http://careers.stackoverflow.com/jobs/tag/selenium"},{"v":1}]},{"c":[{"v":"jmeter"},{"v":"http://careers.stackoverflow.com/jobs/tag/jmeter"},{"v":0}]},{"c":[{"v":"php5"},{"v":"http://careers.stackoverflow.com/jobs/tag/php5"},{"v":0}]},{"c":[{"v":"zend-framework"},{"v":"http://careers.stackoverflow.com/jobs/tag/zend-framework"},{"v":0}]},{"c":[{"v":"sysadmin"},{"v":"http://careers.stackoverflow.com/jobs/tag/sysadmin"},{"v":4}]},{"c":[{"v":"unix"},{"v":"http://careers.stackoverflow.com/jobs/tag/unix"},{"v":2}]},{"c":[{"v":"perl"},{"v":"http://careers.stackoverflow.com/jobs/tag/perl"},{"v":3}]},{"c":[{"v":"apache"},{"v":"http://careers.stackoverflow.com/jobs/tag/apache"},{"v":1}]},{"c":[{"v":"mysql"},{"v":"http://careers.stackoverflow.com/jobs/tag/mysql"},{"v":10}]},{"c":[{"v":"redhat"},{"v":"http://careers.stackoverflow.com/jobs/tag/redhat"},{"v":0}]},{"c":[{"v":"django"},{"v":"http://careers.stackoverflow.com/jobs/tag/django"},{"v":3}]},{"c":[{"v":"cassandra"},{"v":"http://careers.stackoverflow.com/jobs/tag/cassandra"},{"v":0}]},{"c":[{"v":"postgres"},{"v":"http://careers.stackoverflow.com/jobs/tag/postgres"},{"v":0}]},{"c":[{"v":"yui"},{"v":"http://careers.stackoverflow.com/jobs/tag/yui"},{"v":0}]},{"c":[{"v":"business"},{"v":"http://careers.stackoverflow.com/jobs/tag/business"},{"v":0}]},{"c":[{"v":"architect"},{"v":"http://careers.stackoverflow.com/jobs/tag/architect"},{"v":0}]},{"c":[{"v":"software"},{"v":"http://careers.stackoverflow.com/jobs/tag/software"},{"v":0}]},{"c":[{"v":"development"},{"v":"http://careers.stackoverflow.com/jobs/tag/development"},{"v":0}]},{"c":[{"v":"olap"},{"v":"http://careers.stackoverflow.com/jobs/tag/olap"},{"v":0}]},{"c":[{"v":"java"},{"v":"http://careers.stackoverflow.com/jobs/tag/java"},{"v":28}]},{"c":[{"v":"sql"},{"v":"http://careers.stackoverflow.com/jobs/tag/sql"},{"v":10}]},{"c":[{"v":"maven"},{"v":"http://careers.stackoverflow.com/jobs/tag/maven"},{"v":0}]},{"c":[{"v":"continuous-integration"},{"v":"http://careers.stackoverflow.com/jobs/tag/continuous-integration"},{"v":0}]},{"c":[{"v":"agile"},{"v":"http://careers.stackoverflow.com/jobs/tag/agile"},{"v":4}]},{"c":[{"v":"dashboard"},{"v":"http://careers.stackoverflow.com/jobs/tag/dashboard"},{"v":0}]},{"c":[{"v":"database"},{"v":"http://careers.stackoverflow.com/jobs/tag/database"},{"v":0}]},{"c":[{"v":"reporting"},{"v":"http://careers.stackoverflow.com/jobs/tag/reporting"},{"v":0}]},{"c":[{"v":"crm"},{"v":"http://careers.stackoverflow.com/jobs/tag/crm"},{"v":0}]},{"c":[{"v":"artistic"},{"v":"http://careers.stackoverflow.com/jobs/tag/artistic"},{"v":0}]},{"c":[{"v":"ruby-on-rails"},{"v":"http://careers.stackoverflow.com/jobs/tag/ruby-on-rails"},{"v":11}]},{"c":[{"v":"startup"},{"v":"http://careers.stackoverflow.com/jobs/tag/startup"},{"v":0}]},{"c":[{"v":"real-time"},{"v":"http://careers.stackoverflow.com/jobs/tag/real-time"},{"v":0}]},{"c":[{"v":"high-availability"},{"v":"http://careers.stackoverflow.com/jobs/tag/high-availability"},{"v":0}]},{"c":[{"v":"scala"},{"v":"http://careers.stackoverflow.com/jobs/tag/scala"},{"v":2}]},{"c":[{"v":"ios"},{"v":"http://careers.stackoverflow.com/jobs/tag/ios"},{"v":6}]},{"c":[{"v":"apple"},{"v":"http://careers.stackoverflow.com/jobs/tag/apple"},{"v":0}]},{"c":[{"v":"android"},{"v":"http://careers.stackoverflow.com/jobs/tag/android"},{"v":5}]},{"c":[{"v":"froyo"},{"v":"http://careers.stackoverflow.com/jobs/tag/froyo"},{"v":0}]},{"c":[{"v":"gingerbread"},{"v":"http://careers.stackoverflow.com/jobs/tag/gingerbread"},{"v":0}]},{"c":[{"v":"honeycomb"},{"v":"http://careers.stackoverflow.com/jobs/tag/honeycomb"},{"v":0}]},{"c":[{"v":"oocss"},{"v":"http://careers.stackoverflow.com/jobs/tag/oocss"},{"v":0}]},{"c":[{"v":"vb.net"},{"v":"http://careers.stackoverflow.com/jobs/tag/vb.net"},{"v":1}]},{"c":[{"v":"wcf"},{"v":"http://careers.stackoverflow.com/jobs/tag/wcf"},{"v":1}]},{"c":[{"v":"wpf"},{"v":"http://careers.stackoverflow.com/jobs/tag/wpf"},{"v":2}]},{"c":[{"v":"php"},{"v":"http://careers.stackoverflow.com/jobs/tag/php"},{"v":15}]},{"c":[{"v":"mongodb"},{"v":"http://careers.stackoverflow.com/jobs/tag/mongodb"},{"v":3}]},{"c":[{"v":"tdd"},{"v":"http://careers.stackoverflow.com/jobs/tag/tdd"},{"v":3}]},{"c":[{"v":"javascript"},{"v":"http://careers.stackoverflow.com/jobs/tag/javascript"},{"v":30}]},{"c":[{"v":"technology"},{"v":"http://careers.stackoverflow.com/jobs/tag/technology"},{"v":0}]},{"c":[{"v":"director"},{"v":"http://careers.stackoverflow.com/jobs/tag/director"},{"v":0}]},{"c":[{"v":"marketing"},{"v":"http://careers.stackoverflow.com/jobs/tag/marketing"},{"v":0}]},{"c":[{"v":"web-development"},{"v":"http://careers.stackoverflow.com/jobs/tag/web-development"},{"v":2}]},{"c":[{"v":"box-model"},{"v":"http://careers.stackoverflow.com/jobs/tag/box-model"},{"v":0}]},{"c":[{"v":"dom"},{"v":"http://careers.stackoverflow.com/jobs/tag/dom"},{"v":0}]},{"c":[{"v":"node.js"},{"v":"http://careers.stackoverflow.com/jobs/tag/node.js"},{"v":1}]},{"c":[{"v":"java-ee"},{"v":"http://careers.stackoverflow.com/jobs/tag/java-ee"},{"v":2}]},{"c":[{"v":"vbscript"},{"v":"http://careers.stackoverflow.com/jobs/tag/vbscript"},{"v":0}]},{"c":[{"v":"asp-classic"},{"v":"http://careers.stackoverflow.com/jobs/tag/asp-classic"},{"v":0}]},{"c":[{"v":"c"},{"v":"http://careers.stackoverflow.com/jobs/tag/c"},{"v":4}]},{"c":[{"v":"groovy"},{"v":"http://careers.stackoverflow.com/jobs/tag/groovy"},{"v":1}]},{"c":[{"v":"kerberos"},{"v":"http://careers.stackoverflow.com/jobs/tag/kerberos"},{"v":0}]},{"c":[{"v":"spnego"},{"v":"http://careers.stackoverflow.com/jobs/tag/spnego"},{"v":0}]},{"c":[{"v":"t-sql"},{"v":"http://careers.stackoverflow.com/jobs/tag/t-sql"},{"v":0}]},{"c":[{"v":"pl-sql"},{"v":"http://careers.stackoverflow.com/jobs/tag/pl-sql"},{"v":0}]},{"c":[{"v":"extreme-programming"},{"v":"http://careers.stackoverflow.com/jobs/tag/extreme-programming"},{"v":0}]},{"c":[{"v":"sql-server-2008"},{"v":"http://careers.stackoverflow.com/jobs/tag/sql-server-2008"},{"v":0}]},{"c":[{"v":"struts"},{"v":"http://careers.stackoverflow.com/jobs/tag/struts"},{"v":0}]},{"c":[{"v":"eclipse"},{"v":"http://careers.stackoverflow.com/jobs/tag/eclipse"},{"v":0}]},{"c":[{"v":"windows"},{"v":"http://careers.stackoverflow.com/jobs/tag/windows"},{"v":1}]},{"c":[{"v":"platform"},{"v":"http://careers.stackoverflow.com/jobs/tag/platform"},{"v":0}]},{"c":[{"v":"microsoft"},{"v":"http://careers.stackoverflow.com/jobs/tag/microsoft"},{"v":0}]},{"c":[{"v":"server"},{"v":"http://careers.stackoverflow.com/jobs/tag/server"},{"v":0}]},{"c":[{"v":"visualization"},{"v":"http://careers.stackoverflow.com/jobs/tag/visualization"},{"v":0}]},{"c":[{"v":"analytics"},{"v":"http://careers.stackoverflow.com/jobs/tag/analytics"},{"v":0}]},{"c":[{"v":"svg"},{"v":"http://careers.stackoverflow.com/jobs/tag/svg"},{"v":0}]},{"c":[{"v":"batch"},{"v":"http://careers.stackoverflow.com/jobs/tag/batch"},{"v":0}]},{"c":[{"v":"powershell"},{"v":"http://careers.stackoverflow.com/jobs/tag/powershell"},{"v":0}]},{"c":[{"v":"winpe"},{"v":"http://careers.stackoverflow.com/jobs/tag/winpe"},{"v":0}]},{"c":[{"v":"architecture"},{"v":"http://careers.stackoverflow.com/jobs/tag/architecture"},{"v":0}]},{"c":[{"v":"messaging"},{"v":"http://careers.stackoverflow.com/jobs/tag/messaging"},{"v":0}]},{"c":[{"v":"functional-programming"},{"v":"http://careers.stackoverflow.com/jobs/tag/functional-programming"},{"v":0}]},{"c":[{"v":"memcached"},{"v":"http://careers.stackoverflow.com/jobs/tag/memcached"},{"v":0}]},{"c":[{"v":"nginx"},{"v":"http://careers.stackoverflow.com/jobs/tag/nginx"},{"v":0}]},{"c":[{"v":"ajax"},{"v":"http://careers.stackoverflow.com/jobs/tag/ajax"},{"v":4}]},{"c":[{"v":"coffeescript"},{"v":"http://careers.stackoverflow.com/jobs/tag/coffeescript"},{"v":0}]},{"c":[{"v":"backbone.js"},{"v":"http://careers.stackoverflow.com/jobs/tag/backbone.js"},{"v":0}]},{"c":[{"v":".net"},{"v":"http://careers.stackoverflow.com/jobs/tag/.net"},{"v":8}]},{"c":[{"v":"devops"},{"v":"http://careers.stackoverflow.com/jobs/tag/devops"},{"v":0}]},{"c":[{"v":"cloud"},{"v":"http://careers.stackoverflow.com/jobs/tag/cloud"},{"v":0}]},{"c":[{"v":"mvc"},{"v":"http://careers.stackoverflow.com/jobs/tag/mvc"},{"v":2}]},{"c":[{"v":"scriptaculous"},{"v":"http://careers.stackoverflow.com/jobs/tag/scriptaculous"},{"v":0}]},{"c":[{"v":"asp.net-mvc"},{"v":"http://careers.stackoverflow.com/jobs/tag/asp.net-mvc"},{"v":1}]},{"c":[{"v":"knockoutjs"},{"v":"http://careers.stackoverflow.com/jobs/tag/knockoutjs"},{"v":0}]},{"c":[{"v":"jsp"},{"v":"http://careers.stackoverflow.com/jobs/tag/jsp"},{"v":0}]},{"c":[{"v":"jboss"},{"v":"http://careers.stackoverflow.com/jobs/tag/jboss"},{"v":0}]},{"c":[{"v":"git"},{"v":"http://careers.stackoverflow.com/jobs/tag/git"},{"v":1}]},{"c":[{"v":"sql-server"},{"v":"http://careers.stackoverflow.com/jobs/tag/sql-server"},{"v":4}]},{"c":[{"v":"ssis-data-transformations"},{"v":"http://careers.stackoverflow.com/jobs/tag/ssis-data-transformations"},{"v":0}]},{"c":[{"v":"clustering"},{"v":"http://careers.stackoverflow.com/jobs/tag/clustering"},{"v":0}]},{"c":[{"v":"gui"},{"v":"http://careers.stackoverflow.com/jobs/tag/gui"},{"v":1}]},{"c":[{"v":"winforms"},{"v":"http://careers.stackoverflow.com/jobs/tag/winforms"},{"v":0}]},{"c":[{"v":"sphinx"},{"v":"http://careers.stackoverflow.com/jobs/tag/sphinx"},{"v":0}]},{"c":[{"v":"stl"},{"v":"http://careers.stackoverflow.com/jobs/tag/stl"},{"v":0}]},{"c":[{"v":"com"},{"v":"http://careers.stackoverflow.com/jobs/tag/com"},{"v":0}]},{"c":[{"v":"hadoop"},{"v":"http://careers.stackoverflow.com/jobs/tag/hadoop"},{"v":2}]},{"c":[{"v":"solr"},{"v":"http://careers.stackoverflow.com/jobs/tag/solr"},{"v":0}]},{"c":[{"v":"rdbms"},{"v":"http://careers.stackoverflow.com/jobs/tag/rdbms"},{"v":0}]},{"c":[{"v":"tcp"},{"v":"http://careers.stackoverflow.com/jobs/tag/tcp"},{"v":0}]},{"c":[{"v":"uml"},{"v":"http://careers.stackoverflow.com/jobs/tag/uml"},{"v":0}]},{"c":[{"v":"magento"},{"v":"http://careers.stackoverflow.com/jobs/tag/magento"},{"v":0}]},{"c":[{"v":"dojo"},{"v":"http://careers.stackoverflow.com/jobs/tag/dojo"},{"v":0}]},{"c":[{"v":"esri"},{"v":"http://careers.stackoverflow.com/jobs/tag/esri"},{"v":0}]},{"c":[{"v":"user"},{"v":"http://careers.stackoverflow.com/jobs/tag/user"},{"v":0}]},{"c":[{"v":"design"},{"v":"http://careers.stackoverflow.com/jobs/tag/design"},{"v":0}]},{"c":[{"v":"information-architecture"},{"v":"http://careers.stackoverflow.com/jobs/tag/information-architecture"},{"v":0}]},{"c":[{"v":"ux"},{"v":"http://careers.stackoverflow.com/jobs/tag/ux"},{"v":0}]},{"c":[{"v":"web-applications"},{"v":"http://careers.stackoverflow.com/jobs/tag/web-applications"},{"v":1}]},{"c":[{"v":"lift"},{"v":"http://careers.stackoverflow.com/jobs/tag/lift"},{"v":0}]},{"c":[{"v":"extjs"},{"v":"http://careers.stackoverflow.com/jobs/tag/extjs"},{"v":0}]},{"c":[{"v":"symfony"},{"v":"http://careers.stackoverflow.com/jobs/tag/symfony"},{"v":0}]},{"c":[{"v":"winmo"},{"v":"http://careers.stackoverflow.com/jobs/tag/winmo"},{"v":0}]},{"c":[{"v":"machine-learning"},{"v":"http://careers.stackoverflow.com/jobs/tag/machine-learning"},{"v":0}]},{"c":[{"v":"image-processing"},{"v":"http://careers.stackoverflow.com/jobs/tag/image-processing"},{"v":0}]},{"c":[{"v":"data-mining"},{"v":"http://careers.stackoverflow.com/jobs/tag/data-mining"},{"v":0}]},{"c":[{"v":"postgresql"},{"v":"http://careers.stackoverflow.com/jobs/tag/postgresql"},{"v":2}]},{"c":[{"v":"android-ndk"},{"v":"http://careers.stackoverflow.com/jobs/tag/android-ndk"},{"v":0}]},{"c":[{"v":"mootools"},{"v":"http://careers.stackoverflow.com/jobs/tag/mootools"},{"v":0}]},{"c":[{"v":"restful"},{"v":"http://careers.stackoverflow.com/jobs/tag/restful"},{"v":0}]},{"c":[{"v":"client-server"},{"v":"http://careers.stackoverflow.com/jobs/tag/client-server"},{"v":0}]},{"c":[{"v":"web-services"},{"v":"http://careers.stackoverflow.com/jobs/tag/web-services"},{"v":0}]},{"c":[{"v":"spring"},{"v":"http://careers.stackoverflow.com/jobs/tag/spring"},{"v":3}]},{"c":[{"v":"oop"},{"v":"http://careers.stackoverflow.com/jobs/tag/oop"},{"v":2}]},{"c":[{"v":"multithreading"},{"v":"http://careers.stackoverflow.com/jobs/tag/multithreading"},{"v":0}]},{"c":[{"v":"hardware"},{"v":"http://careers.stackoverflow.com/jobs/tag/hardware"},{"v":0}]},{"c":[{"v":"linux-kernel"},{"v":"http://careers.stackoverflow.com/jobs/tag/linux-kernel"},{"v":0}]},{"c":[{"v":"browser"},{"v":"http://careers.stackoverflow.com/jobs/tag/browser"},{"v":0}]},{"c":[{"v":"qa"},{"v":"http://careers.stackoverflow.com/jobs/tag/qa"},{"v":0}]},{"c":[{"v":"bugzilla"},{"v":"http://careers.stackoverflow.com/jobs/tag/bugzilla"},{"v":0}]},{"c":[{"v":"sqlite"},{"v":"http://careers.stackoverflow.com/jobs/tag/sqlite"},{"v":1}]},{"c":[{"v":"mustache"},{"v":"http://careers.stackoverflow.com/jobs/tag/mustache"},{"v":0}]},{"c":[{"v":"windows-phone-7"},{"v":"http://careers.stackoverflow.com/jobs/tag/windows-phone-7"},{"v":0}]},{"c":[{"v":"jruby"},{"v":"http://careers.stackoverflow.com/jobs/tag/jruby"},{"v":0}]},{"c":[{"v":"loadrunner"},{"v":"http://careers.stackoverflow.com/jobs/tag/loadrunner"},{"v":0}]},{"c":[{"v":"soap"},{"v":"http://careers.stackoverflow.com/jobs/tag/soap"},{"v":0}]},{"c":[{"v":"javascript-events"},{"v":"http://careers.stackoverflow.com/jobs/tag/javascript-events"},{"v":0}]},{"c":[{"v":"jquery-ui"},{"v":"http://careers.stackoverflow.com/jobs/tag/jquery-ui"},{"v":0}]},{"c":[{"v":"drupal"},{"v":"http://careers.stackoverflow.com/jobs/tag/drupal"},{"v":0}]},{"c":[{"v":"management"},{"v":"http://careers.stackoverflow.com/jobs/tag/management"},{"v":0}]},{"c":[{"v":"developer"},{"v":"http://careers.stackoverflow.com/jobs/tag/developer"},{"v":0}]},{"c":[{"v":"distributed-computing"},{"v":"http://careers.stackoverflow.com/jobs/tag/distributed-computing"},{"v":0}]},{"c":[{"v":"application"},{"v":"http://careers.stackoverflow.com/jobs/tag/application"},{"v":0}]},{"c":[{"v":"opengl"},{"v":"http://careers.stackoverflow.com/jobs/tag/opengl"},{"v":1}]},{"c":[{"v":"servlet"},{"v":"http://careers.stackoverflow.com/jobs/tag/servlet"},{"v":0}]},{"c":[{"v":"javaserverfaces"},{"v":"http://careers.stackoverflow.com/jobs/tag/javaserverfaces"},{"v":0}]},{"c":[{"v":"network"},{"v":"http://careers.stackoverflow.com/jobs/tag/network"},{"v":0}]},{"c":[{"v":"telecom"},{"v":"http://careers.stackoverflow.com/jobs/tag/telecom"},{"v":0}]},{"c":[{"v":"voip"},{"v":"http://careers.stackoverflow.com/jobs/tag/voip"},{"v":0}]},{"c":[{"v":"cisco"},{"v":"http://careers.stackoverflow.com/jobs/tag/cisco"},{"v":0}]},{"c":[{"v":"routers"},{"v":"http://careers.stackoverflow.com/jobs/tag/routers"},{"v":0}]},{"c":[{"v":"erp"},{"v":"http://careers.stackoverflow.com/jobs/tag/erp"},{"v":0}]},{"c":[{"v":"data-warehouse"},{"v":"http://careers.stackoverflow.com/jobs/tag/data-warehouse"},{"v":0}]},{"c":[{"v":"lamp"},{"v":"http://careers.stackoverflow.com/jobs/tag/lamp"},{"v":1}]},{"c":[{"v":"saas"},{"v":"http://careers.stackoverflow.com/jobs/tag/saas"},{"v":0}]},{"c":[{"v":"organization"},{"v":"http://careers.stackoverflow.com/jobs/tag/organization"},{"v":0}]},{"c":[{"v":"google-closure"},{"v":"http://careers.stackoverflow.com/jobs/tag/google-closure"},{"v":0}]},{"c":[{"v":"web-2.0"},{"v":"http://careers.stackoverflow.com/jobs/tag/web-2.0"},{"v":0}]},{"c":[{"v":"linq"},{"v":"http://careers.stackoverflow.com/jobs/tag/linq"},{"v":0}]},{"c":[{"v":"webforms"},{"v":"http://careers.stackoverflow.com/jobs/tag/webforms"},{"v":0}]},{"c":[{"v":"cocoa"},{"v":"http://careers.stackoverflow.com/jobs/tag/cocoa"},{"v":1}]},{"c":[{"v":"osx"},{"v":"http://careers.stackoverflow.com/jobs/tag/osx"},{"v":0}]},{"c":[{"v":"desktop-application"},{"v":"http://careers.stackoverflow.com/jobs/tag/desktop-application"},{"v":0}]},{"c":[{"v":"stl-algorithm"},{"v":"http://careers.stackoverflow.com/jobs/tag/stl-algorithm"},{"v":0}]},{"c":[{"v":"data-structures"},{"v":"http://careers.stackoverflow.com/jobs/tag/data-structures"},{"v":0}]},{"c":[{"v":"debugging"},{"v":"http://careers.stackoverflow.com/jobs/tag/debugging"},{"v":0}]},{"c":[{"v":"high-performance-systems"},{"v":"http://careers.stackoverflow.com/jobs/tag/high-performance-systems"},{"v":0}]},{"c":[{"v":"smart"},{"v":"http://careers.stackoverflow.com/jobs/tag/smart"},{"v":0}]},{"c":[{"v":"fun"},{"v":"http://careers.stackoverflow.com/jobs/tag/fun"},{"v":0}]},{"c":[{"v":"svn"},{"v":"http://careers.stackoverflow.com/jobs/tag/svn"},{"v":0}]},{"c":[{"v":"database-design"},{"v":"http://careers.stackoverflow.com/jobs/tag/database-design"},{"v":0}]},{"c":[{"v":"unit-testing"},{"v":"http://careers.stackoverflow.com/jobs/tag/unit-testing"},{"v":0}]},{"c":[{"v":"serverweb"},{"v":"http://careers.stackoverflow.com/jobs/tag/serverweb"},{"v":0}]},{"c":[{"v":"core-data"},{"v":"http://careers.stackoverflow.com/jobs/tag/core-data"},{"v":0}]},{"c":[{"v":"cocos2d-iphone"},{"v":"http://careers.stackoverflow.com/jobs/tag/cocos2d-iphone"},{"v":0}]},{"c":[{"v":"uikit"},{"v":"http://careers.stackoverflow.com/jobs/tag/uikit"},{"v":0}]},{"c":[{"v":"javascript-framework"},{"v":"http://careers.stackoverflow.com/jobs/tag/javascript-framework"},{"v":0}]},{"c":[{"v":"object-oriented-database"},{"v":"http://careers.stackoverflow.com/jobs/tag/object-oriented-database"},{"v":0}]},{"c":[{"v":"user-experience"},{"v":"http://careers.stackoverflow.com/jobs/tag/user-experience"},{"v":0}]},{"c":[{"v":"design-patterns"},{"v":"http://careers.stackoverflow.com/jobs/tag/design-patterns"},{"v":0}]},{"c":[{"v":"user-interface"},{"v":"http://careers.stackoverflow.com/jobs/tag/user-interface"},{"v":1}]},{"c":[{"v":"visual-web-developer"},{"v":"http://careers.stackoverflow.com/jobs/tag/visual-web-developer"},{"v":0}]},{"c":[{"v":"xhtml"},{"v":"http://careers.stackoverflow.com/jobs/tag/xhtml"},{"v":0}]},{"c":[{"v":"webkit"},{"v":"http://careers.stackoverflow.com/jobs/tag/webkit"},{"v":0}]},{"c":[{"v":"ps3"},{"v":"http://careers.stackoverflow.com/jobs/tag/ps3"},{"v":0}]},{"c":[{"v":"arm"},{"v":"http://careers.stackoverflow.com/jobs/tag/arm"},{"v":0}]},{"c":[{"v":"silverlight-4.0"},{"v":"http://careers.stackoverflow.com/jobs/tag/silverlight-4.0"},{"v":0}]},{"c":[{"v":"flash"},{"v":"http://careers.stackoverflow.com/jobs/tag/flash"},{"v":0}]},{"c":[{"v":"photoshop"},{"v":"http://careers.stackoverflow.com/jobs/tag/photoshop"},{"v":0}]},{"c":[{"v":"fireworks"},{"v":"http://careers.stackoverflow.com/jobs/tag/fireworks"},{"v":0}]},{"c":[{"v":"adobe-illustrator"},{"v":"http://careers.stackoverflow.com/jobs/tag/adobe-illustrator"},{"v":0}]},{"c":[{"v":"chef"},{"v":"http://careers.stackoverflow.com/jobs/tag/chef"},{"v":0}]},{"c":[{"v":"redis"},{"v":"http://careers.stackoverflow.com/jobs/tag/redis"},{"v":0}]},{"c":[{"v":"xslt"},{"v":"http://careers.stackoverflow.com/jobs/tag/xslt"},{"v":0}]},{"c":[{"v":"sql-server-2005"},{"v":"http://careers.stackoverflow.com/jobs/tag/sql-server-2005"},{"v":0}]},{"c":[{"v":"sql-server-2000"},{"v":"http://careers.stackoverflow.com/jobs/tag/sql-server-2000"},{"v":0}]},{"c":[{"v":"tsql"},{"v":"http://careers.stackoverflow.com/jobs/tag/tsql"},{"v":0}]},{"c":[{"v":"agilec++"},{"v":"http://careers.stackoverflow.com/jobs/tag/agilec++"},{"v":0}]},{"c":[{"v":"memcache"},{"v":"http://careers.stackoverflow.com/jobs/tag/memcache"},{"v":0}]},{"c":[{"v":"google-app-engine"},{"v":"http://careers.stackoverflow.com/jobs/tag/google-app-engine"},{"v":0}]},{"c":[{"v":"j2ee"},{"v":"http://careers.stackoverflow.com/jobs/tag/j2ee"},{"v":0}]},{"c":[{"v":"json"},{"v":"http://careers.stackoverflow.com/jobs/tag/json"},{"v":1}]},{"c":[{"v":"xml"},{"v":"http://careers.stackoverflow.com/jobs/tag/xml"},{"v":1}]},{"c":[{"v":"network-programming"},{"v":"http://careers.stackoverflow.com/jobs/tag/network-programming"},{"v":0}]},{"c":[{"v":"shell-scripting"},{"v":"http://careers.stackoverflow.com/jobs/tag/shell-scripting"},{"v":0}]},{"c":[{"v":"winsock"},{"v":"http://careers.stackoverflow.com/jobs/tag/winsock"},{"v":0}]},{"c":[{"v":"apc"},{"v":"http://careers.stackoverflow.com/jobs/tag/apc"},{"v":0}]},{"c":[{"v":"winapi"},{"v":"http://careers.stackoverflow.com/jobs/tag/winapi"},{"v":0}]},{"c":[{"v":"objective"},{"v":"http://careers.stackoverflow.com/jobs/tag/objective"},{"v":0}]},{"c":[{"v":"sharepoint"},{"v":"http://careers.stackoverflow.com/jobs/tag/sharepoint"},{"v":0}]},{"c":[{"v":"vb"},{"v":"http://careers.stackoverflow.com/jobs/tag/vb"},{"v":0}]},{"c":[{"v":"jetty"},{"v":"http://careers.stackoverflow.com/jobs/tag/jetty"},{"v":0}]},{"c":[{"v":"xquery"},{"v":"http://careers.stackoverflow.com/jobs/tag/xquery"},{"v":0}]},{"c":[{"v":"jpa"},{"v":"http://careers.stackoverflow.com/jobs/tag/jpa"},{"v":0}]},{"c":[{"v":"android-sdk"},{"v":"http://careers.stackoverflow.com/jobs/tag/android-sdk"},{"v":0}]},{"c":[{"v":"kohana"},{"v":"http://careers.stackoverflow.com/jobs/tag/kohana"},{"v":0}]},{"c":[{"v":"cad"},{"v":"http://careers.stackoverflow.com/jobs/tag/cad"},{"v":0}]},{"c":[{"v":"qt"},{"v":"http://careers.stackoverflow.com/jobs/tag/qt"},{"v":0}]},{"c":[{"v":"puppet"},{"v":"http://careers.stackoverflow.com/jobs/tag/puppet"},{"v":0}]},{"c":[{"v":"hbase"},{"v":"http://careers.stackoverflow.com/jobs/tag/hbase"},{"v":0}]},{"c":[{"v":"jvm"},{"v":"http://careers.stackoverflow.com/jobs/tag/jvm"},{"v":0}]},{"c":[{"v":"ant"},{"v":"http://careers.stackoverflow.com/jobs/tag/ant"},{"v":0}]},{"c":[{"v":"appengine"},{"v":"http://careers.stackoverflow.com/jobs/tag/appengine"},{"v":0}]},{"c":[{"v":"compilers"},{"v":"http://careers.stackoverflow.com/jobs/tag/compilers"},{"v":0}]},{"c":[{"v":"debuggers"},{"v":"http://careers.stackoverflow.com/jobs/tag/debuggers"},{"v":0}]},{"c":[{"v":"oracle"},{"v":"http://careers.stackoverflow.com/jobs/tag/oracle"},{"v":0}]},{"c":[{"v":"haml"},{"v":"http://careers.stackoverflow.com/jobs/tag/haml"},{"v":0}]},{"c":[{"v":"ubuntu"},{"v":"http://careers.stackoverflow.com/jobs/tag/ubuntu"},{"v":0}]},{"c":[{"v":"jython"},{"v":"http://careers.stackoverflow.com/jobs/tag/jython"},{"v":0}]},{"c":[{"v":"facebook"},{"v":"http://careers.stackoverflow.com/jobs/tag/facebook"},{"v":0}]},{"c":[{"v":"facebook-graph-api"},{"v":"http://careers.stackoverflow.com/jobs/tag/facebook-graph-api"},{"v":0}]},{"c":[{"v":"bdd"},{"v":"http://careers.stackoverflow.com/jobs/tag/bdd"},{"v":0}]},{"c":[{"v":"ruby-on-rails-3"},{"v":"http://careers.stackoverflow.com/jobs/tag/ruby-on-rails-3"},{"v":0}]},{"c":[{"v":"lifecycle"},{"v":"http://careers.stackoverflow.com/jobs/tag/lifecycle"},{"v":0}]},{"c":[{"v":"rest"},{"v":"http://careers.stackoverflow.com/jobs/tag/rest"},{"v":3}]},{"c":[{"v":"actionscript"},{"v":"http://careers.stackoverflow.com/jobs/tag/actionscript"},{"v":0}]},{"c":[{"v":"bash"},{"v":"http://careers.stackoverflow.com/jobs/tag/bash"},{"v":0}]},{"c":[{"v":"performance-tuning"},{"v":"http://careers.stackoverflow.com/jobs/tag/performance-tuning"},{"v":0}]},{"c":[{"v":"wordpress"},{"v":"http://careers.stackoverflow.com/jobs/tag/wordpress"},{"v":0}]},{"c":[{"v":"video"},{"v":"http://careers.stackoverflow.com/jobs/tag/video"},{"v":0}]},{"c":[{"v":"amazon-ec2"},{"v":"http://careers.stackoverflow.com/jobs/tag/amazon-ec2"},{"v":0}]},{"c":[{"v":"nfs"},{"v":"http://careers.stackoverflow.com/jobs/tag/nfs"},{"v":0}]},{"c":[{"v":"msbuild"},{"v":"http://careers.stackoverflow.com/jobs/tag/msbuild"},{"v":0}]},{"c":[{"v":"tfs"},{"v":"http://careers.stackoverflow.com/jobs/tag/tfs"},{"v":0}]},{"c":[{"v":"build"},{"v":"http://careers.stackoverflow.com/jobs/tag/build"},{"v":0}]},{"c":[{"v":"release"},{"v":"http://careers.stackoverflow.com/jobs/tag/release"},{"v":0}]},{"c":[{"v":"3d"},{"v":"http://careers.stackoverflow.com/jobs/tag/3d"},{"v":0}]},{"c":[{"v":"opengl-es"},{"v":"http://careers.stackoverflow.com/jobs/tag/opengl-es"},{"v":0}]},{"c":[{"v":"internet"},{"v":"http://careers.stackoverflow.com/jobs/tag/internet"},{"v":0}]},{"c":[{"v":"couchdb"},{"v":"http://careers.stackoverflow.com/jobs/tag/couchdb"},{"v":0}]},{"c":[{"v":"lucene"},{"v":"http://careers.stackoverflow.com/jobs/tag/lucene"},{"v":0}]},{"c":[{"v":"nlp"},{"v":"http://careers.stackoverflow.com/jobs/tag/nlp"},{"v":0}]},{"c":[{"v":"mapreduce"},{"v":"http://careers.stackoverflow.com/jobs/tag/mapreduce"},{"v":0}]},{"c":[{"v":"ruby-on.rails"},{"v":"http://careers.stackoverflow.com/jobs/tag/ruby-on.rails"},{"v":0}]},{"c":[{"v":"asp.net-mvc-3"},{"v":"http://careers.stackoverflow.com/jobs/tag/asp.net-mvc-3"},{"v":0}]},{"c":[{"v":"twitter"},{"v":"http://careers.stackoverflow.com/jobs/tag/twitter"},{"v":0}]},{"c":[{"v":"distributed-caching"},{"v":"http://careers.stackoverflow.com/jobs/tag/distributed-caching"},{"v":0}]},{"c":[{"v":"scale"},{"v":"http://careers.stackoverflow.com/jobs/tag/scale"},{"v":0}]},{"c":[{"v":"core-java"},{"v":"http://careers.stackoverflow.com/jobs/tag/core-java"},{"v":0}]},{"c":[{"v":"database-schema-design"},{"v":"http://careers.stackoverflow.com/jobs/tag/database-schema-design"},{"v":0}]},{"c":[{"v":"concurrency"},{"v":"http://careers.stackoverflow.com/jobs/tag/concurrency"},{"v":0}]},{"c":[{"v":"threading"},{"v":"http://careers.stackoverflow.com/jobs/tag/threading"},{"v":0}]},{"c":[{"v":"jquery-ajax"},{"v":"http://careers.stackoverflow.com/jobs/tag/jquery-ajax"},{"v":0}]},{"c":[{"v":"web-frontend"},{"v":"http://careers.stackoverflow.com/jobs/tag/web-frontend"},{"v":0}]},{"c":[{"v":"biztalk-2010"},{"v":"http://careers.stackoverflow.com/jobs/tag/biztalk-2010"},{"v":0}]},{"c":[{"v":"edi"},{"v":"http://careers.stackoverflow.com/jobs/tag/edi"},{"v":0}]},{"c":[{"v":"visual-studio-2010"},{"v":"http://careers.stackoverflow.com/jobs/tag/visual-studio-2010"},{"v":0}]},{"c":[{"v":"asp"},{"v":"http://careers.stackoverflow.com/jobs/tag/asp"},{"v":0}]},{"c":[{"v":"stored-procedures"},{"v":"http://careers.stackoverflow.com/jobs/tag/stored-procedures"},{"v":0}]},{"c":[{"v":"software-engineering"},{"v":"http://careers.stackoverflow.com/jobs/tag/software-engineering"},{"v":0}]},{"c":[{"v":"embedded"},{"v":"http://careers.stackoverflow.com/jobs/tag/embedded"},{"v":0}]},{"c":[{"v":"consulting"},{"v":"http://careers.stackoverflow.com/jobs/tag/consulting"},{"v":0}]},{"c":[{"v":"clojure"},{"v":"http://careers.stackoverflow.com/jobs/tag/clojure"},{"v":0}]},{"c":[{"v":"api"},{"v":"http://careers.stackoverflow.com/jobs/tag/api"},{"v":0}]},{"c":[{"v":"cucumber"},{"v":"http://careers.stackoverflow.com/jobs/tag/cucumber"},{"v":0}]},{"c":[{"v":"spring-security"},{"v":"http://careers.stackoverflow.com/jobs/tag/spring-security"},{"v":0}]},{"c":[{"v":"soa"},{"v":"http://careers.stackoverflow.com/jobs/tag/soa"},{"v":0}]},{"c":[{"v":"otp"},{"v":"http://careers.stackoverflow.com/jobs/tag/otp"},{"v":0}]},{"c":[{"v":"ab-testing"},{"v":"http://careers.stackoverflow.com/jobs/tag/ab-testing"},{"v":0}]},{"c":[{"v":"refactoring"},{"v":"http://careers.stackoverflow.com/jobs/tag/refactoring"},{"v":0}]},{"c":[{"v":"macosx"},{"v":"http://careers.stackoverflow.com/jobs/tag/macosx"},{"v":0}]},{"c":[{"v":"agile-development"},{"v":"http://careers.stackoverflow.com/jobs/tag/agile-development"},{"v":0}]},{"c":[{"v":"build-automation"},{"v":"http://careers.stackoverflow.com/jobs/tag/build-automation"},{"v":0}]},{"c":[{"v":"data"},{"v":"http://careers.stackoverflow.com/jobs/tag/data"},{"v":0}]},{"c":[{"v":"agile-scrum"},{"v":"http://careers.stackoverflow.com/jobs/tag/agile-scrum"},{"v":0}]},{"c":[{"v":"social-networking"},{"v":"http://careers.stackoverflow.com/jobs/tag/social-networking"},{"v":0}]},{"c":[{"v":"educational"},{"v":"http://careers.stackoverflow.com/jobs/tag/educational"},{"v":0}]},{"c":[{"v":"agilescrum"},{"v":"http://careers.stackoverflow.com/jobs/tag/agilescrum"},{"v":0}]},{"c":[{"v":"networking"},{"v":"http://careers.stackoverflow.com/jobs/tag/networking"},{"v":0}]},{"c":[{"v":"desktop"},{"v":"http://careers.stackoverflow.com/jobs/tag/desktop"},{"v":0}]},{"c":[{"v":"web"},{"v":"http://careers.stackoverflow.com/jobs/tag/web"},{"v":0}]},{"c":[{"v":"algorithm"},{"v":"http://careers.stackoverflow.com/jobs/tag/algorithm"},{"v":0}]},{"c":[{"v":"signal-processing"},{"v":"http://careers.stackoverflow.com/jobs/tag/signal-processing"},{"v":0}]},{"c":[{"v":"scrum"},{"v":"http://careers.stackoverflow.com/jobs/tag/scrum"},{"v":0}]},{"c":[{"v":"automated-testing"},{"v":"http://careers.stackoverflow.com/jobs/tag/automated-testing"},{"v":0}]},{"c":[{"v":"augmented-reality"},{"v":"http://careers.stackoverflow.com/jobs/tag/augmented-reality"},{"v":0}]},{"c":[{"v":"game-development"},{"v":"http://careers.stackoverflow.com/jobs/tag/game-development"},{"v":0}]},{"c":[{"v":"db2"},{"v":"http://careers.stackoverflow.com/jobs/tag/db2"},{"v":0}]},{"c":[{"v":"sqlserver"},{"v":"http://careers.stackoverflow.com/jobs/tag/sqlserver"},{"v":0}]},{"c":[{"v":"jax-ws"},{"v":"http://careers.stackoverflow.com/jobs/tag/jax-ws"},{"v":0}]},{"c":[{"v":"ui"},{"v":"http://careers.stackoverflow.com/jobs/tag/ui"},{"v":0}]},{"c":[{"v":"mongoid"},{"v":"http://careers.stackoverflow.com/jobs/tag/mongoid"},{"v":0}]},{"c":[{"v":"grails"},{"v":"http://careers.stackoverflow.com/jobs/tag/grails"},{"v":0}]},{"c":[{"v":"hibernate"},{"v":"http://careers.stackoverflow.com/jobs/tag/hibernate"},{"v":0}]},{"c":[{"v":"tomcat"},{"v":"http://careers.stackoverflow.com/jobs/tag/tomcat"},{"v":0}]},{"c":[{"v":"kernel"},{"v":"http://careers.stackoverflow.com/jobs/tag/kernel"},{"v":0}]},{"c":[{"v":"algorithms"},{"v":"http://careers.stackoverflow.com/jobs/tag/algorithms"},{"v":0}]},{"c":[{"v":"nhibernate"},{"v":"http://careers.stackoverflow.com/jobs/tag/nhibernate"},{"v":0}]},{"c":[{"v":"ocaml"},{"v":"http://careers.stackoverflow.com/jobs/tag/ocaml"},{"v":0}]},{"c":[{"v":"haskell"},{"v":"http://careers.stackoverflow.com/jobs/tag/haskell"},{"v":0}]},{"c":[{"v":"scheme"},{"v":"http://careers.stackoverflow.com/jobs/tag/scheme"},{"v":0}]},{"c":[{"v":"mobile-phones"},{"v":"http://careers.stackoverflow.com/jobs/tag/mobile-phones"},{"v":0}]},{"c":[{"v":"aws"},{"v":"http://careers.stackoverflow.com/jobs/tag/aws"},{"v":0}]},{"c":[{"v":"data-modeling"},{"v":"http://careers.stackoverflow.com/jobs/tag/data-modeling"},{"v":0}]},{"c":[{"v":"reporting-services"},{"v":"http://careers.stackoverflow.com/jobs/tag/reporting-services"},{"v":0}]},{"c":[{"v":"js"},{"v":"http://careers.stackoverflow.com/jobs/tag/js"},{"v":0}]},{"c":[{"v":"silicon-milkroundabout"},{"v":"http://careers.stackoverflow.com/jobs/tag/silicon-milkroundabout"},{"v":0}]},{"c":[{"v":"e-commerce"},{"v":"http://careers.stackoverflow.com/jobs/tag/e-commerce"},{"v":0}]},{"c":[{"v":"web-analytics"},{"v":"http://careers.stackoverflow.com/jobs/tag/web-analytics"},{"v":0}]},{"c":[{"v":"kentico"},{"v":"http://careers.stackoverflow.com/jobs/tag/kentico"},{"v":0}]},{"c":[{"v":"computer-vision"},{"v":"http://careers.stackoverflow.com/jobs/tag/computer-vision"},{"v":0}]},{"c":[{"v":"artificial-intelligence"},{"v":"http://careers.stackoverflow.com/jobs/tag/artificial-intelligence"},{"v":0}]},{"c":[{"v":"iis7"},{"v":"http://careers.stackoverflow.com/jobs/tag/iis7"},{"v":0}]},{"c":[{"v":"stata"},{"v":"http://careers.stackoverflow.com/jobs/tag/stata"},{"v":0}]},{"c":[{"v":"gis"},{"v":"http://careers.stackoverflow.com/jobs/tag/gis"},{"v":0}]},{"c":[{"v":"mssql"},{"v":"http://careers.stackoverflow.com/jobs/tag/mssql"},{"v":0}]},{"c":[{"v":"build-cool-stuff"},{"v":"http://careers.stackoverflow.com/jobs/tag/build-cool-stuff"},{"v":0}]},{"c":[{"v":"winrunner"},{"v":"http://careers.stackoverflow.com/jobs/tag/winrunner"},{"v":0}]},{"c":[{"v":"awk"},{"v":"http://careers.stackoverflow.com/jobs/tag/awk"},{"v":0}]},{"c":[{"v":"adobe-indesign"},{"v":"http://careers.stackoverflow.com/jobs/tag/adobe-indesign"},{"v":0}]},{"c":[{"v":"dhtml"},{"v":"http://careers.stackoverflow.com/jobs/tag/dhtml"},{"v":0}]},{"c":[{"v":"zk"},{"v":"http://careers.stackoverflow.com/jobs/tag/zk"},{"v":0}]},{"c":[{"v":"scalability"},{"v":"http://careers.stackoverflow.com/jobs/tag/scalability"},{"v":0}]},{"c":[{"v":"gdb"},{"v":"http://careers.stackoverflow.com/jobs/tag/gdb"},{"v":0}]},{"c":[{"v":"j2me"},{"v":"http://careers.stackoverflow.com/jobs/tag/j2me"},{"v":0}]},{"c":[{"v":"brew"},{"v":"http://careers.stackoverflow.com/jobs/tag/brew"},{"v":0}]},{"c":[{"v":"nunit"},{"v":"http://careers.stackoverflow.com/jobs/tag/nunit"},{"v":0}]},{"c":[{"v":"teamcity"},{"v":"http://careers.stackoverflow.com/jobs/tag/teamcity"},{"v":0}]},{"c":[{"v":"mobileweb"},{"v":"http://careers.stackoverflow.com/jobs/tag/mobileweb"},{"v":0}]},{"c":[{"v":"testing"},{"v":"http://careers.stackoverflow.com/jobs/tag/testing"},{"v":0}]},{"c":[{"v":"visual-studio"},{"v":"http://careers.stackoverflow.com/jobs/tag/visual-studio"},{"v":0}]},{"c":[{"v":"audio"},{"v":"http://careers.stackoverflow.com/jobs/tag/audio"},{"v":0}]},{"c":[{"v":"html5-video"},{"v":"http://careers.stackoverflow.com/jobs/tag/html5-video"},{"v":0}]},{"c":[{"v":"soapui"},{"v":"http://careers.stackoverflow.com/jobs/tag/soapui"},{"v":0}]},{"c":[{"v":"automated-tests"},{"v":"http://careers.stackoverflow.com/jobs/tag/automated-tests"},{"v":0}]},{"c":[{"v":"arcgis"},{"v":"http://careers.stackoverflow.com/jobs/tag/arcgis"},{"v":0}]},{"c":[{"v":"math"},{"v":"http://careers.stackoverflow.com/jobs/tag/math"},{"v":0}]},{"c":[{"v":"html5-canvas"},{"v":"http://careers.stackoverflow.com/jobs/tag/html5-canvas"},{"v":0}]},{"c":[{"v":"iis"},{"v":"http://careers.stackoverflow.com/jobs/tag/iis"},{"v":0}]},{"c":[{"v":"jms"},{"v":"http://careers.stackoverflow.com/jobs/tag/jms"},{"v":0}]},{"c":[{"v":"device-driver"},{"v":"http://careers.stackoverflow.com/jobs/tag/device-driver"},{"v":0}]},{"c":[{"v":"restsoa"},{"v":"http://careers.stackoverflow.com/jobs/tag/restsoa"},{"v":0}]},{"c":[{"v":"jspjstl"},{"v":"http://careers.stackoverflow.com/jobs/tag/jspjstl"},{"v":0}]},{"c":[{"v":"open-source"},{"v":"http://careers.stackoverflow.com/jobs/tag/open-source"},{"v":0}]},{"c":[{"v":"oauth"},{"v":"http://careers.stackoverflow.com/jobs/tag/oauth"},{"v":0}]},{"c":[{"v":"security"},{"v":"http://careers.stackoverflow.com/jobs/tag/security"},{"v":0}]},{"c":[{"v":"assembly"},{"v":"http://careers.stackoverflow.com/jobs/tag/assembly"},{"v":0}]},{"c":[{"v":"vulnerability"},{"v":"http://careers.stackoverflow.com/jobs/tag/vulnerability"},{"v":0}]},{"c":[{"v":"vulnerability-discovery"},{"v":"http://careers.stackoverflow.com/jobs/tag/vulnerability-discovery"},{"v":0}]},{"c":[{"v":"vulnerability-research"},{"v":"http://careers.stackoverflow.com/jobs/tag/vulnerability-research"},{"v":0}]},{"c":[{"v":"software-development"},{"v":"http://careers.stackoverflow.com/jobs/tag/software-development"},{"v":0}]},{"c":[{"v":"forensic-investigation"},{"v":"http://careers.stackoverflow.com/jobs/tag/forensic-investigation"},{"v":0}]},{"c":[{"v":"backbone"},{"v":"http://careers.stackoverflow.com/jobs/tag/backbone"},{"v":0}]},{"c":[{"v":"ejb-3.0"},{"v":"http://careers.stackoverflow.com/jobs/tag/ejb-3.0"},{"v":0}]},{"c":[{"v":"dba"},{"v":"http://careers.stackoverflow.com/jobs/tag/dba"},{"v":0}]},{"c":[{"v":"ice"},{"v":"http://careers.stackoverflow.com/jobs/tag/ice"},{"v":0}]},{"c":[{"v":"h264"},{"v":"http://careers.stackoverflow.com/jobs/tag/h264"},{"v":0}]},{"c":[{"v":"ffmpeg"},{"v":"http://careers.stackoverflow.com/jobs/tag/ffmpeg"},{"v":0}]},{"c":[{"v":"ravendb"},{"v":"http://careers.stackoverflow.com/jobs/tag/ravendb"},{"v":0}]},{"c":[{"v":"coldfusion"},{"v":"http://careers.stackoverflow.com/jobs/tag/coldfusion"},{"v":0}]},{"c":[{"v":"imap"},{"v":"http://careers.stackoverflow.com/jobs/tag/imap"},{"v":0}]},{"c":[{"v":"anthill"},{"v":"http://careers.stackoverflow.com/jobs/tag/anthill"},{"v":0}]},{"c":[{"v":"installshield"},{"v":"http://careers.stackoverflow.com/jobs/tag/installshield"},{"v":0}]},{"c":[{"v":"jira"},{"v":"http://careers.stackoverflow.com/jobs/tag/jira"},{"v":0}]},{"c":[{"v":"webparts"},{"v":"http://careers.stackoverflow.com/jobs/tag/webparts"},{"v":0}]},{"c":[{"v":"adobe"},{"v":"http://careers.stackoverflow.com/jobs/tag/adobe"},{"v":0}]},{"c":[{"v":"opencl"},{"v":"http://careers.stackoverflow.com/jobs/tag/opencl"},{"v":0}]},{"c":[{"v":"3d-graphics"},{"v":"http://careers.stackoverflow.com/jobs/tag/3d-graphics"},{"v":0}]},{"c":[{"v":"computational-geometry"},{"v":"http://careers.stackoverflow.com/jobs/tag/computational-geometry"},{"v":0}]},{"c":[{"v":"flask"},{"v":"http://careers.stackoverflow.com/jobs/tag/flask"},{"v":0}]},{"c":[{"v":"xbase"},{"v":"http://careers.stackoverflow.com/jobs/tag/xbase"},{"v":0}]},{"c":[{"v":"ecommerce"},{"v":"http://careers.stackoverflow.com/jobs/tag/ecommerce"},{"v":0}]},{"c":[{"v":"code"},{"v":"http://careers.stackoverflow.com/jobs/tag/code"},{"v":0}]},{"c":[{"v":"cloudbase"},{"v":"http://careers.stackoverflow.com/jobs/tag/cloudbase"},{"v":0}]},{"c":[{"v":"gwt"},{"v":"http://careers.stackoverflow.com/jobs/tag/gwt"},{"v":0}]},{"c":[{"v":"munin"},{"v":"http://careers.stackoverflow.com/jobs/tag/munin"},{"v":0}]},{"c":[{"v":"nagios"},{"v":"http://careers.stackoverflow.com/jobs/tag/nagios"},{"v":0}]},{"c":[{"v":"monitoring"},{"v":"http://careers.stackoverflow.com/jobs/tag/monitoring"},{"v":0}]},{"c":[{"v":"vps"},{"v":"http://careers.stackoverflow.com/jobs/tag/vps"},{"v":0}]},{"c":[{"v":"scaling"},{"v":"http://careers.stackoverflow.com/jobs/tag/scaling"},{"v":0}]},{"c":[{"v":"performance"},{"v":"http://careers.stackoverflow.com/jobs/tag/performance"},{"v":0}]},{"c":[{"v":"vsto"},{"v":"http://careers.stackoverflow.com/jobs/tag/vsto"},{"v":0}]},{"c":[{"v":"windows-services"},{"v":"http://careers.stackoverflow.com/jobs/tag/windows-services"},{"v":0}]},{"c":[{"v":"google-maps"},{"v":"http://careers.stackoverflow.com/jobs/tag/google-maps"},{"v":0}]},{"c":[{"v":"semantic-web"},{"v":"http://careers.stackoverflow.com/jobs/tag/semantic-web"},{"v":0}]},{"c":[{"v":"codeigniter"},{"v":"http://careers.stackoverflow.com/jobs/tag/codeigniter"},{"v":0}]},{"c":[{"v":"directx"},{"v":"http://careers.stackoverflow.com/jobs/tag/directx"},{"v":0}]},{"c":[{"v":"matlab"},{"v":"http://careers.stackoverflow.com/jobs/tag/matlab"},{"v":0}]},{"c":[{"v":"simulink"},{"v":"http://careers.stackoverflow.com/jobs/tag/simulink"},{"v":0}]},{"c":[{"v":"databases"},{"v":"http://careers.stackoverflow.com/jobs/tag/databases"},{"v":0}]},{"c":[{"v":"pentaho"},{"v":"http://careers.stackoverflow.com/jobs/tag/pentaho"},{"v":0}]},{"c":[{"v":"sip"},{"v":"http://careers.stackoverflow.com/jobs/tag/sip"},{"v":0}]},{"c":[{"v":"mod-perl"},{"v":"http://careers.stackoverflow.com/jobs/tag/mod-perl"},{"v":0}]},{"c":[{"v":".net-2.0"},{"v":"http://careers.stackoverflow.com/jobs/tag/.net-2.0"},{"v":0}]},{"c":[{"v":"amazon-web-services"},{"v":"http://careers.stackoverflow.com/jobs/tag/amazon-web-services"},{"v":0}]},{"c":[{"v":"swing"},{"v":"http://careers.stackoverflow.com/jobs/tag/swing"},{"v":0}]},{"c":[{"v":"osmf"},{"v":"http://careers.stackoverflow.com/jobs/tag/osmf"},{"v":0}]},{"c":[{"v":"akamai"},{"v":"http://careers.stackoverflow.com/jobs/tag/akamai"},{"v":0}]},{"c":[{"v":"restlet"},{"v":"http://careers.stackoverflow.com/jobs/tag/restlet"},{"v":0}]},{"c":[{"v":"ddd"},{"v":"http://careers.stackoverflow.com/jobs/tag/ddd"},{"v":0}]},{"c":[{"v":"ruby-on-rails-3.1"},{"v":"http://careers.stackoverflow.com/jobs/tag/ruby-on-rails-3.1"},{"v":0}]},{"c":[{"v":"directshow"},{"v":"http://careers.stackoverflow.com/jobs/tag/directshow"},{"v":0}]},{"c":[{"v":"sdk"},{"v":"http://careers.stackoverflow.com/jobs/tag/sdk"},{"v":0}]},{"c":[{"v":"big-o"},{"v":"http://careers.stackoverflow.com/jobs/tag/big-o"},{"v":0}]},{"c":[{"v":"indie-games"},{"v":"http://careers.stackoverflow.com/jobs/tag/indie-games"},{"v":0}]},{"c":[{"v":"cc++"},{"v":"http://careers.stackoverflow.com/jobs/tag/cc++"},{"v":0}]},{"c":[{"v":"expression-blend"},{"v":"http://careers.stackoverflow.com/jobs/tag/expression-blend"},{"v":0}]},{"c":[{"v":"orm"},{"v":"http://careers.stackoverflow.com/jobs/tag/orm"},{"v":0}]},{"c":[{"v":"hive"},{"v":"http://careers.stackoverflow.com/jobs/tag/hive"},{"v":0}]},{"c":[{"v":"hdfs"},{"v":"http://careers.stackoverflow.com/jobs/tag/hdfs"},{"v":0}]},{"c":[{"v":"cryptography"},{"v":"http://careers.stackoverflow.com/jobs/tag/cryptography"},{"v":0}]},{"c":[{"v":"lbm"},{"v":"http://careers.stackoverflow.com/jobs/tag/lbm"},{"v":0}]},{"c":[{"v":"tibco"},{"v":"http://careers.stackoverflow.com/jobs/tag/tibco"},{"v":0}]},{"c":[{"v":"azure"},{"v":"http://careers.stackoverflow.com/jobs/tag/azure"},{"v":0}]}]}