{"cols":[{"id":"tag","label":"Tag","type":"string"},{"id":"frequency","label":"Frequency","type":"number"},{"id":"URL","label":"URL","type":"string"}],"rows":[{"c":[{"v":"c#"},{"v":80},{"v":"http://careers.stackoverflow.com/jobs/tag/c#"}]},{"c":[{"v":"asp.net"},{"v":29},{"v":"http://careers.stackoverflow.com/jobs/tag/asp.net"}]},{"c":[{"v":"html"},{"v":97},{"v":"http://careers.stackoverflow.com/jobs/tag/html"}]},{"c":[{"v":"jquery"},{"v":76},{"v":"http://careers.stackoverflow.com/jobs/tag/jquery"}]},{"c":[{"v":"entity-framework"},{"v":3},{"v":"http://careers.stackoverflow.com/jobs/tag/entity-framework"}]},{"c":[{"v":"ruby"},{"v":32},{"v":"http://careers.stackoverflow.com/jobs/tag/ruby"}]},{"c":[{"v":"nosql"},{"v":7},{"v":"http://careers.stackoverflow.com/jobs/tag/nosql"}]},{"c":[{"v":"riak"},{"v":2},{"v":"http://careers.stackoverflow.com/jobs/tag/riak"}]},{"c":[{"v":"erlang"},{"v":2},{"v":"http://careers.stackoverflow.com/jobs/tag/erlang"}]},{"c":[{"v":"c++"},{"v":72},{"v":"http://careers.stackoverflow.com/jobs/tag/c++"}]},{"c":[{"v":"linux"},{"v":43},{"v":"http://careers.stackoverflow.com/jobs/tag/linux"}]},{"c":[{"v":"unix-programming"},{"v":1},{"v":"http://careers.stackoverflow.com/jobs/tag/unix-programming"}]},{"c":[{"v":"python"},{"v":76},{"v":"http://careers.stackoverflow.com/jobs/tag/python"}]},{"c":[{"v":"ace"},{"v":1},{"v":"http://careers.stackoverflow.com/jobs/tag/ace"}]},{"c":[{"v":"gadgetfreak"},{"v":1},{"v":"http://careers.stackoverflow.com/jobs/tag/gadgetfreak"}]},{"c":[{"v":"css2"},{"v":1},{"v":"http://careers.stackoverflow.com/jobs/tag/css2"}]},{"c":[{"v":"css"},{"v":77},{"v":"http://careers.stackoverflow.com/jobs/tag/css"}]},{"c":[{"v":"cocoa-touch"},{"v":3},{"v":"http://careers.stackoverflow.com/jobs/tag/cocoa-touch"}]},{"c":[{"v":"objective-c"},{"v":22},{"v":"http://careers.stackoverflow.com/jobs/tag/objective-c"}]},{"c":[{"v":"ios5"},{"v":1},{"v":"http://careers.stackoverflow.com/jobs/tag/ios5"}]},{"c":[{"v":"iphone"},{"v":7},{"v":"http://careers.stackoverflow.com/jobs/tag/iphone"}]},{"c":[{"v":"ipad"},{"v":5},{"v":"http://careers.stackoverflow.com/jobs/tag/ipad"}]},{"c":[{"v":"automation"},{"v":3},{"v":"http://careers.stackoverflow.com/jobs/tag/automation"}]},{"c":[{"v":"mobile"},{"v":8},{"v":"http://careers.stackoverflow.com/jobs/tag/mobile"}]},{"c":[{"v":"windows-phone-7.1"},{"v":1},{"v":"http://careers.stackoverflow.com/jobs/tag/windows-phone-7.1"}]},{"c":[{"v":"silverlight"},{"v":5},{"v":"http://careers.stackoverflow.com/jobs/tag/silverlight"}]},{"c":[{"v":"h.264"},{"v":1},{"v":"http://careers.stackoverflow.com/jobs/tag/h.264"}]},{"c":[{"v":"rake"},{"v":1},{"v":"http://careers.stackoverflow.com/jobs/tag/rake"}]},{"c":[{"v":"selenium"},{"v":6},{"v":"http://careers.stackoverflow.com/jobs/tag/selenium"}]},{"c":[{"v":"jmeter"},{"v":1},{"v":"http://careers.stackoverflow.com/jobs/tag/jmeter"}]},{"c":[{"v":"php5"},{"v":4},{"v":"http://careers.stackoverflow.com/jobs/tag/php5"}]},{"c":[{"v":"zend-framework"},{"v":2},{"v":"http://careers.stackoverflow.com/jobs/tag/zend-framework"}]},{"c":[{"v":"sysadmin"},{"v":19},{"v":"http://careers.stackoverflow.com/jobs/tag/sysadmin"}]},{"c":[{"v":"unix"},{"v":10},{"v":"http://careers.stackoverflow.com/jobs/tag/unix"}]},{"c":[{"v":"perl"},{"v":14},{"v":"http://careers.stackoverflow.com/jobs/tag/perl"}]},{"c":[{"v":"apache"},{"v":5},{"v":"http://careers.stackoverflow.com/jobs/tag/apache"}]},{"c":[{"v":"mysql"},{"v":43},{"v":"http://careers.stackoverflow.com/jobs/tag/mysql"}]},{"c":[{"v":"redhat"},{"v":3},{"v":"http://careers.stackoverflow.com/jobs/tag/redhat"}]},{"c":[{"v":"django"},{"v":16},{"v":"http://careers.stackoverflow.com/jobs/tag/django"}]},{"c":[{"v":"cassandra"},{"v":3},{"v":"http://careers.stackoverflow.com/jobs/tag/cassandra"}]},{"c":[{"v":"postgres"},{"v":2},{"v":"http://careers.stackoverflow.com/jobs/tag/postgres"}]},{"c":[{"v":"yui"},{"v":3},{"v":"http://careers.stackoverflow.com/jobs/tag/yui"}]},{"c":[{"v":"business"},{"v":1},{"v":"http://careers.stackoverflow.com/jobs/tag/business"}]},{"c":[{"v":"architect"},{"v":3},{"v":"http://careers.stackoverflow.com/jobs/tag/architect"}]},{"c":[{"v":"software"},{"v":1},{"v":"http://careers.stackoverflow.com/jobs/tag/software"}]},{"c":[{"v":"development"},{"v":1},{"v":"http://careers.stackoverflow.com/jobs/tag/development"}]},{"c":[{"v":"olap"},{"v":2},{"v":"http://careers.stackoverflow.com/jobs/tag/olap"}]},{"c":[{"v":"java"},{"v":112},{"v":"http://careers.stackoverflow.com/jobs/tag/java"}]},{"c":[{"v":"sql"},{"v":40},{"v":"http://careers.stackoverflow.com/jobs/tag/sql"}]},{"c":[{"v":"maven"},{"v":2},{"v":"http://careers.stackoverflow.com/jobs/tag/maven"}]},{"c":[{"v":"continuous-integration"},{"v":4},{"v":"http://careers.stackoverflow.com/jobs/tag/continuous-integration"}]},{"c":[{"v":"agile"},{"v":17},{"v":"http://careers.stackoverflow.com/jobs/tag/agile"}]},{"c":[{"v":"dashboard"},{"v":1},{"v":"http://careers.stackoverflow.com/jobs/tag/dashboard"}]},{"c":[{"v":"database"},{"v":4},{"v":"http://careers.stackoverflow.com/jobs/tag/database"}]},{"c":[{"v":"reporting"},{"v":1},{"v":"http://careers.stackoverflow.com/jobs/tag/reporting"}]},{"c":[{"v":"crm"},{"v":4},{"v":"http://careers.stackoverflow.com/jobs/tag/crm"}]},{"c":[{"v":"artistic"},{"v":1},{"v":"http://careers.stackoverflow.com/jobs/tag/artistic"}]},{"c":[{"v":"ruby-on-rails"},{"v":44},{"v":"http://careers.stackoverflow.com/jobs/tag/ruby-on-rails"}]},{"c":[{"v":"startup"},{"v":1},{"v":"http://careers.stackoverflow.com/jobs/tag/startup"}]},{"c":[{"v":"real-time"},{"v":1},{"v":"http://careers.stackoverflow.com/jobs/tag/real-time"}]},{"c":[{"v":"high-availability"},{"v":2},{"v":"http://careers.stackoverflow.com/jobs/tag/high-availability"}]},{"c":[{"v":"scala"},{"v":10},{"v":"http://careers.stackoverflow.com/jobs/tag/scala"}]},{"c":[{"v":"ios"},{"v":28},{"v":"http://careers.stackoverflow.com/jobs/tag/ios"}]},{"c":[{"v":"apple"},{"v":1},{"v":"http://careers.stackoverflow.com/jobs/tag/apple"}]},{"c":[{"v":"android"},{"v":21},{"v":"http://careers.stackoverflow.com/jobs/tag/android"}]},{"c":[{"v":"froyo"},{"v":1},{"v":"http://careers.stackoverflow.com/jobs/tag/froyo"}]},{"c":[{"v":"gingerbread"},{"v":1},{"v":"http://careers.stackoverflow.com/jobs/tag/gingerbread"}]},{"c":[{"v":"honeycomb"},{"v":1},{"v":"http://careers.stackoverflow.com/jobs/tag/honeycomb"}]},{"c":[{"v":"oocss"},{"v":1},{"v":"http://careers.stackoverflow.com/jobs/tag/oocss"}]},{"c":[{"v":"vb.net"},{"v":6},{"v":"http://careers.stackoverflow.com/jobs/tag/vb.net"}]},{"c":[{"v":"wcf"},{"v":7},{"v":"http://careers.stackoverflow.com/jobs/tag/wcf"}]},{"c":[{"v":"wpf"},{"v":9},{"v":"http://careers.stackoverflow.com/jobs/tag/wpf"}]},{"c":[{"v":"php"},{"v":61},{"v":"http://careers.stackoverflow.com/jobs/tag/php"}]},{"c":[{"v":"mongodb"},{"v":14},{"v":"http://careers.stackoverflow.com/jobs/tag/mongodb"}]},{"c":[{"v":"tdd"},{"v":13},{"v":"http://careers.stackoverflow.com/jobs/tag/tdd"}]},{"c":[{"v":"javascript"},{"v":117},{"v":"http://careers.stackoverflow.com/jobs/tag/javascript"}]},{"c":[{"v":"technology"},{"v":1},{"v":"http://careers.stackoverflow.com/jobs/tag/technology"}]},{"c":[{"v":"director"},{"v":1},{"v":"http://careers.stackoverflow.com/jobs/tag/director"}]},{"c":[{"v":"marketing"},{"v":1},{"v":"http://careers.stackoverflow.com/jobs/tag/marketing"}]},{"c":[{"v":"web-development"},{"v":11},{"v":"http://careers.stackoverflow.com/jobs/tag/web-development"}]},{"c":[{"v":"box-model"},{"v":1},{"v":"http://careers.stackoverflow.com/jobs/tag/box-model"}]},{"c":[{"v":"dom"},{"v":2},{"v":"http://careers.stackoverflow.com/jobs/tag/dom"}]},{"c":[{"v":"node.js"},{"v":6},{"v":"http://careers.stackoverflow.com/jobs/tag/node.js"}]},{"c":[{"v":"java-ee"},{"v":9},{"v":"http://careers.stackoverflow.com/jobs/tag/java-ee"}]},{"c":[{"v":"vbscript"},{"v":2},{"v":"http://careers.stackoverflow.com/jobs/tag/vbscript"}]},{"c":[{"v":"asp-classic"},{"v":1},{"v":"http://careers.stackoverflow.com/jobs/tag/asp-classic"}]},{"c":[{"v":"c"},{"v":19},{"v":"http://careers.stackoverflow.com/jobs/tag/c"}]},{"c":[{"v":"groovy"},{"v":7},{"v":"http://careers.stackoverflow.com/jobs/tag/groovy"}]},{"c":[{"v":"kerberos"},{"v":1},{"v":"http://careers.stackoverflow.com/jobs/tag/kerberos"}]},{"c":[{"v":"spnego"},{"v":1},{"v":"http://careers.stackoverflow.com/jobs/tag/spnego"}]},{"c":[{"v":"t-sql"},{"v":1},{"v":"http://careers.stackoverflow.com/jobs/tag/t-sql"}]},{"c":[{"v":"pl-sql"},{"v":1},{"v":"http://careers.stackoverflow.com/jobs/tag/pl-sql"}]},{"c":[{"v":"extreme-programming"},{"v":1},{"v":"http://careers.stackoverflow.com/jobs/tag/extreme-programming"}]},{"c":[{"v":"sql-server-2008"},{"v":4},{"v":"http://careers.stackoverflow.com/jobs/tag/sql-server-2008"}]},{"c":[{"v":"struts"},{"v":1},{"v":"http://careers.stackoverflow.com/jobs/tag/struts"}]},{"c":[{"v":"eclipse"},{"v":4},{"v":"http://careers.stackoverflow.com/jobs/tag/eclipse"}]},{"c":[{"v":"windows"},{"v":6},{"v":"http://careers.stackoverflow.com/jobs/tag/windows"}]},{"c":[{"v":"platform"},{"v":1},{"v":"http://careers.stackoverflow.com/jobs/tag/platform"}]},{"c":[{"v":"microsoft"},{"v":1},{"v":"http://careers.stackoverflow.com/jobs/tag/microsoft"}]},{"c":[{"v":"server"},{"v":2},{"v":"http://careers.stackoverflow.com/jobs/tag/server"}]},{"c":[{"v":"visualization"},{"v":1},{"v":"http://careers.stackoverflow.com/jobs/tag/visualization"}]},{"c":[{"v":"analytics"},{"v":3},{"v":"http://careers.stackoverflow.com/jobs/tag/analytics"}]},{"c":[{"v":"svg"},{"v":1},{"v":"http://careers.stackoverflow.com/jobs/tag/svg"}]},{"c":[{"v":"batch"},{"v":1},{"v":"http://careers.stackoverflow.com/jobs/tag/batch"}]},{"c":[{"v":"powershell"},{"v":2},{"v":"http://careers.stackoverflow.com/jobs/tag/powershell"}]},{"c":[{"v":"winpe"},{"v":1},{"v":"http://careers.stackoverflow.com/jobs/tag/winpe"}]},{"c":[{"v":"architecture"},{"v":3},{"v":"http://careers.stackoverflow.com/jobs/tag/architecture"}]},{"c":[{"v":"messaging"},{"v":1},{"v":"http://careers.stackoverflow.com/jobs/tag/messaging"}]},{"c":[{"v":"functional-programming"},{"v":2},{"v":"http://careers.stackoverflow.com/jobs/tag/functional-programming"}]},{"c":[{"v":"memcached"},{"v":4},{"v":"http://careers.stackoverflow.com/jobs/tag/memcached"}]},{"c":[{"v":"nginx"},{"v":2},{"v":"http://careers.stackoverflow.com/jobs/tag/nginx"}]},{"c":[{"v":"ajax"},{"v":19},{"v":"http://careers.stackoverflow.com/jobs/tag/ajax"}]},{"c":[{"v":"coffeescript"},{"v":4},{"v":"http://careers.stackoverflow.com/jobs/tag/coffeescript"}]},{"c":[{"v":"backbone.js"},{"v":2},{"v":"http://careers.stackoverflow.com/jobs/tag/backbone.js"}]},{"c":[{"v":".net"},{"v":32},{"v":"http://careers.stackoverflow.com/jobs/tag/.net"}]},{"c":[{"v":"devops"},{"v":1},{"v":"http://careers.stackoverflow.com/jobs/tag/devops"}]},{"c":[{"v":"cloud"},{"v":3},{"v":"http://careers.stackoverflow.com/jobs/tag/cloud"}]},{"c":[{"v":"mvc"},{"v":12},{"v":"http://careers.stackoverflow.com/jobs/tag/mvc"}]},{"c":[{"v":"scriptaculous"},{"v":1},{"v":"http://careers.stackoverflow.com/jobs/tag/scriptaculous"}]},{"c":[{"v":"asp.net-mvc"},{"v":7},{"v":"http://careers.stackoverflow.com/jobs/tag/asp.net-mvc"}]},{"c":[{"v":"knockoutjs"},{"v":2},{"v":"http://careers.stackoverflow.com/jobs/tag/knockoutjs"}]},{"c":[{"v":"jsp"},{"v":4},{"v":"http://careers.stackoverflow.com/jobs/tag/jsp"}]},{"c":[{"v":"jboss"},{"v":2},{"v":"http://careers.stackoverflow.com/jobs/tag/jboss"}]},{"c":[{"v":"git"},{"v":8},{"v":"http://careers.stackoverflow.com/jobs/tag/git"}]},{"c":[{"v":"sql-server"},{"v":17},{"v":"http://careers.stackoverflow.com/jobs/tag/sql-server"}]},{"c":[{"v":"ssis-data-transformations"},{"v":1},{"v":"http://careers.stackoverflow.com/jobs/tag/ssis-data-transformations"}]},{"c":[{"v":"clustering"},{"v":1},{"v":"http://careers.stackoverflow.com/jobs/tag/clustering"}]},{"c":[{"v":"gui"},{"v":5},{"v":"http://careers.stackoverflow.com/jobs/tag/gui"}]},{"c":[{"v":"winforms"},{"v":2},{"v":"http://careers.stackoverflow.com/jobs/tag/winforms"}]},{"c":[{"v":"sphinx"},{"v":1},{"v":"http://careers.stackoverflow.com/jobs/tag/sphinx"}]},{"c":[{"v":"stl"},{"v":1},{"v":"http://careers.stackoverflow.com/jobs/tag/stl"}]},{"c":[{"v":"com"},{"v":1},{"v":"http://careers.stackoverflow.com/jobs/tag/com"}]},{"c":[{"v":"hadoop"},{"v":9},{"v":"http://careers.stackoverflow.com/jobs/tag/hadoop"}]},{"c":[{"v":"solr"},{"v":4},{"v":"http://careers.stackoverflow.com/jobs/tag/solr"}]},{"c":[{"v":"rdbms"},{"v":1},{"v":"http://careers.stackoverflow.com/jobs/tag/rdbms"}]},{"c":[{"v":"tcp"},{"v":2},{"v":"http://careers.stackoverflow.com/jobs/tag/tcp"}]},{"c":[{"v":"uml"},{"v":2},{"v":"http://careers.stackoverflow.com/jobs/tag/uml"}]},{"c":[{"v":"magento"},{"v":1},{"v":"http://careers.stackoverflow.com/jobs/tag/magento"}]},{"c":[{"v":"dojo"},{"v":3},{"v":"http://careers.stackoverflow.com/jobs/tag/dojo"}]},{"c":[{"v":"esri"},{"v":2},{"v":"http://careers.stackoverflow.com/jobs/tag/esri"}]},{"c":[{"v":"user"},{"v":1},{"v":"http://careers.stackoverflow.com/jobs/tag/user"}]},{"c":[{"v":"design"},{"v":3},{"v":"http://careers.stackoverflow.com/jobs/tag/design"}]},{"c":[{"v":"information-architecture"},{"v":1},{"v":"http://careers.stackoverflow.com/jobs/tag/information-architecture"}]},{"c":[{"v":"ux"},{"v":2},{"v":"http://careers.stackoverflow.com/jobs/tag/ux"}]},{"c":[{"v":"web-applications"},{"v":6},{"v":"http://careers.stackoverflow.com/jobs/tag/web-applications"}]},{"c":[{"v":"lift"},{"v":1},{"v":"http://careers.stackoverflow.com/jobs/tag/lift"}]},{"c":[{"v":"extjs"},{"v":1},{"v":"http://careers.stackoverflow.com/jobs/tag/extjs"}]},{"c":[{"v":"symfony"},{"v":1},{"v":"http://careers.stackoverflow.com/jobs/tag/symfony"}]},{"c":[{"v":"winmo"},{"v":1},{"v":"http://careers.stackoverflow.com/jobs/tag/winmo"}]},{"c":[{"v":"machine-learning"},{"v":1},{"v":"http://careers.stackoverflow.com/jobs/tag/machine-learning"}]},{"c":[{"v":"image-processing"},{"v":3},{"v":"http://careers.stackoverflow.com/jobs/tag/image-processing"}]},{"c":[{"v":"data-mining"},{"v":2},{"v":"http://careers.stackoverflow.com/jobs/tag/data-mining"}]},{"c":[{"v":"postgresql"},{"v":10},{"v":"http://careers.stackoverflow.com/jobs/tag/postgresql"}]},{"c":[{"v":"android-ndk"},{"v":1},{"v":"http://careers.stackoverflow.com/jobs/tag/android-ndk"}]},{"c":[{"v":"mootools"},{"v":1},{"v":"http://careers.stackoverflow.com/jobs/tag/mootools"}]},{"c":[{"v":"restful"},{"v":1},{"v":"http://careers.stackoverflow.com/jobs/tag/restful"}]},{"c":[{"v":"client-server"},{"v":2},{"v":"http://careers.stackoverflow.com/jobs/tag/client-server"}]},{"c":[{"v":"web-services"},{"v":4},{"v":"http://careers.stackoverflow.com/jobs/tag/web-services"}]},{"c":[{"v":"spring"},{"v":13},{"v":"http://careers.stackoverflow.com/jobs/tag/spring"}]},{"c":[{"v":"oop"},{"v":11},{"v":"http://careers.stackoverflow.com/jobs/tag/oop"}]},{"c":[{"v":"multithreading"},{"v":2},{"v":"http://careers.stackoverflow.com/jobs/tag/multithreading"}]},{"c":[{"v":"hardware"},{"v":2},{"v":"http://careers.stackoverflow.com/jobs/tag/hardware"}]},{"c":[{"v":"linux-kernel"},{"v":2},{"v":"http://careers.stackoverflow.com/jobs/tag/linux-kernel"}]},{"c":[{"v":"browser"},{"v":1},{"v":"http://careers.stackoverflow.com/jobs/tag/browser"}]},{"c":[{"v":"qa"},{"v":1},{"v":"http://careers.stackoverflow.com/jobs/tag/qa"}]},{"c":[{"v":"bugzilla"},{"v":1},{"v":"http://careers.stackoverflow.com/jobs/tag/bugzilla"}]},{"c":[{"v":"sqlite"},{"v":6},{"v":"http://careers.stackoverflow.com/jobs/tag/sqlite"}]},{"c":[{"v":"mustache"},{"v":1},{"v":"http://careers.stackoverflow.com/jobs/tag/mustache"}]},{"c":[{"v":"windows-phone-7"},{"v":1},{"v":"http://careers.stackoverflow.com/jobs/tag/windows-phone-7"}]},{"c":[{"v":"jruby"},{"v":2},{"v":"http://careers.stackoverflow.com/jobs/tag/jruby"}]},{"c":[{"v":"loadrunner"},{"v":1},{"v":"http://careers.stackoverflow.com/jobs/tag/loadrunner"}]},{"c":[{"v":"soap"},{"v":2},{"v":"http://careers.stackoverflow.com/jobs/tag/soap"}]},{"c":[{"v":"javascript-events"},{"v":1},{"v":"http://careers.stackoverflow.com/jobs/tag/javascript-events"}]},{"c":[{"v":"jquery-ui"},{"v":3},{"v":"http://careers.stackoverflow.com/jobs/tag/jquery-ui"}]},{"c":[{"v":"drupal"},{"v":3},{"v":"http://careers.stackoverflow.com/jobs/tag/drupal"}]},{"c":[{"v":"management"},{"v":3},{"v":"http://careers.stackoverflow.com/jobs/tag/management"}]},{"c":[{"v":"developer"},{"v":2},{"v":"http://careers.stackoverflow.com/jobs/tag/developer"}]},{"c":[{"v":"distributed-computing"},{"v":2},{"v":"http://careers.stackoverflow.com/jobs/tag/distributed-computing"}]},{"c":[{"v":"application"},{"v":3},{"v":"http://careers.stackoverflow.com/jobs/tag/application"}]},{"c":[{"v":"opengl"},{"v":7},{"v":"http://careers.stackoverflow.com/jobs/tag/opengl"}]},{"c":[{"v":"servlet"},{"v":1},{"v":"http://careers.stackoverflow.com/jobs/tag/servlet"}]},{"c":[{"v":"javaserverfaces"},{"v":1},{"v":"http://careers.stackoverflow.com/jobs/tag/javaserverfaces"}]},{"c":[{"v":"network"},{"v":1},{"v":"http://careers.stackoverflow.com/jobs/tag/network"}]},{"c":[{"v":"telecom"},{"v":1},{"v":"http://careers.stackoverflow.com/jobs/tag/telecom"}]},{"c":[{"v":"voip"},{"v":1},{"v":"http://careers.stackoverflow.com/jobs/tag/voip"}]},{"c":[{"v":"cisco"},{"v":2},{"v":"http://careers.stackoverflow.com/jobs/tag/cisco"}]},{"c":[{"v":"routers"},{"v":1},{"v":"http://careers.stackoverflow.com/jobs/tag/routers"}]},{"c":[{"v":"erp"},{"v":1},{"v":"http://careers.stackoverflow.com/jobs/tag/erp"}]},{"c":[{"v":"data-warehouse"},{"v":1},{"v":"http://careers.stackoverflow.com/jobs/tag/data-warehouse"}]},{"c":[{"v":"lamp"},{"v":8},{"v":"http://careers.stackoverflow.com/jobs/tag/lamp"}]},{"c":[{"v":"saas"},{"v":4},{"v":"http://careers.stackoverflow.com/jobs/tag/saas"}]},{"c":[{"v":"organization"},{"v":1},{"v":"http://careers.stackoverflow.com/jobs/tag/organization"}]},{"c":[{"v":"google-closure"},{"v":1},{"v":"http://careers.stackoverflow.com/jobs/tag/google-closure"}]},{"c":[{"v":"web-2.0"},{"v":1},{"v":"http://careers.stackoverflow.com/jobs/tag/web-2.0"}]},{"c":[{"v":"linq"},{"v":2},{"v":"http://careers.stackoverflow.com/jobs/tag/linq"}]},{"c":[{"v":"webforms"},{"v":1},{"v":"http://careers.stackoverflow.com/jobs/tag/webforms"}]},{"c":[{"v":"cocoa"},{"v":6},{"v":"http://careers.stackoverflow.com/jobs/tag/cocoa"}]},{"c":[{"v":"osx"},{"v":4},{"v":"http://careers.stackoverflow.com/jobs/tag/osx"}]},{"c":[{"v":"desktop-application"},{"v":1},{"v":"http://careers.stackoverflow.com/jobs/tag/desktop-application"}]},{"c":[{"v":"stl-algorithm"},{"v":1},{"v":"http://careers.stackoverflow.com/jobs/tag/stl-algorithm"}]},{"c":[{"v":"data-structures"},{"v":2},{"v":"http://careers.stackoverflow.com/jobs/tag/data-structures"}]},{"c":[{"v":"debugging"},{"v":1},{"v":"http://careers.stackoverflow.com/jobs/tag/debugging"}]},{"c":[{"v":"high-performance-systems"},{"v":1},{"v":"http://careers.stackoverflow.com/jobs/tag/high-performance-systems"}]},{"c":[{"v":"smart"},{"v":1},{"v":"http://careers.stackoverflow.com/jobs/tag/smart"}]},{"c":[{"v":"fun"},{"v":1},{"v":"http://careers.stackoverflow.com/jobs/tag/fun"}]},{"c":[{"v":"svn"},{"v":2},{"v":"http://careers.stackoverflow.com/jobs/tag/svn"}]},{"c":[{"v":"database-design"},{"v":2},{"v":"http://careers.stackoverflow.com/jobs/tag/database-design"}]},{"c":[{"v":"unit-testing"},{"v":2},{"v":"http://careers.stackoverflow.com/jobs/tag/unit-testing"}]},{"c":[{"v":"serverweb"},{"v":1},{"v":"http://careers.stackoverflow.com/jobs/tag/serverweb"}]},{"c":[{"v":"core-data"},{"v":1},{"v":"http://careers.stackoverflow.com/jobs/tag/core-data"}]},{"c":[{"v":"cocos2d-iphone"},{"v":1},{"v":"http://careers.stackoverflow.com/jobs/tag/cocos2d-iphone"}]},{"c":[{"v":"uikit"},{"v":1},{"v":"http://careers.stackoverflow.com/jobs/tag/uikit"}]},{"c":[{"v":"javascript-framework"},{"v":2},{"v":"http://careers.stackoverflow.com/jobs/tag/javascript-framework"}]},{"c":[{"v":"object-oriented-database"},{"v":1},{"v":"http://careers.stackoverflow.com/jobs/tag/object-oriented-database"}]},{"c":[{"v":"user-experience"},{"v":2},{"v":"http://careers.stackoverflow.com/jobs/tag/user-experience"}]},{"c":[{"v":"design-patterns"},{"v":1},{"v":"http://careers.stackoverflow.com/jobs/tag/design-patterns"}]},{"c":[{"v":"user-interface"},{"v":6},{"v":"http://careers.stackoverflow.com/jobs/tag/user-interface"}]},{"c":[{"v":"visual-web-developer"},{"v":1},{"v":"http://careers.stackoverflow.com/jobs/tag/visual-web-developer"}]},{"c":[{"v":"xhtml"},{"v":3},{"v":"http://careers.stackoverflow.com/jobs/tag/xhtml"}]},{"c":[{"v":"webkit"},{"v":2},{"v":"http://careers.stackoverflow.com/jobs/tag/webkit"}]},{"c":[{"v":"ps3"},{"v":1},{"v":"http://careers.stackoverflow.com/jobs/tag/ps3"}]},{"c":[{"v":"arm"},{"v":2},{"v":"http://careers.stackoverflow.com/jobs/tag/arm"}]},{"c":[{"v":"silverlight-4.0"},{"v":1},{"v":"http://careers.stackoverflow.com/jobs/tag/silverlight-4.0"}]},{"c":[{"v":"flash"},{"v":2},{"v":"http://careers.stackoverflow.com/jobs/tag/flash"}]},{"c":[{"v":"photoshop"},{"v":2},{"v":"http://careers.stackoverflow.com/jobs/tag/photoshop"}]},{"c":[{"v":"fireworks"},{"v":1},{"v":"http://careers.stackoverflow.com/jobs/tag/fireworks"}]},{"c":[{"v":"adobe-illustrator"},{"v":1},{"v":"http://careers.stackoverflow.com/jobs/tag/adobe-illustrator"}]},{"c":[{"v":"chef"},{"v":2},{"v":"http://careers.stackoverflow.com/jobs/tag/chef"}]},{"c":[{"v":"redis"},{"v":2},{"v":"http://careers.stackoverflow.com/jobs/tag/redis"}]},{"c":[{"v":"xslt"},{"v":2},{"v":"http://careers.stackoverflow.com/jobs/tag/xslt"}]},{"c":[{"v":"sql-server-2005"},{"v":3},{"v":"http://careers.stackoverflow.com/jobs/tag/sql-server-2005"}]},{"c":[{"v":"sql-server-2000"},{"v":1},{"v":"http://careers.stackoverflow.com/jobs/tag/sql-server-2000"}]},{"c":[{"v":"tsql"},{"v":3},{"v":"http://careers.stackoverflow.com/jobs/tag/tsql"}]},{"c":[{"v":"agilec++"},{"v":1},{"v":"http://careers.stackoverflow.com/jobs/tag/agilec++"}]},{"c":[{"v":"memcache"},{"v":1},{"v":"http://careers.stackoverflow.com/jobs/tag/memcache"}]},{"c":[{"v":"google-app-engine"},{"v":2},{"v":"http://careers.stackoverflow.com/jobs/tag/google-app-engine"}]},{"c":[{"v":"j2ee"},{"v":2},{"v":"http://careers.stackoverflow.com/jobs/tag/j2ee"}]},{"c":[{"v":"json"},{"v":6},{"v":"http://careers.stackoverflow.com/jobs/tag/json"}]},{"c":[{"v":"xml"},{"v":7},{"v":"http://careers.stackoverflow.com/jobs/tag/xml"}]},{"c":[{"v":"network-programming"},{"v":3},{"v":"http://careers.stackoverflow.com/jobs/tag/network-programming"}]},{"c":[{"v":"shell-scripting"},{"v":2},{"v":"http://careers.stackoverflow.com/jobs/tag/shell-scripting"}]},{"c":[{"v":"winsock"},{"v":1},{"v":"http://careers.stackoverflow.com/jobs/tag/winsock"}]},{"c":[{"v":"apc"},{"v":1},{"v":"http://careers.stackoverflow.com/jobs/tag/apc"}]},{"c":[{"v":"winapi"},{"v":1},{"v":"http://careers.stackoverflow.com/jobs/tag/winapi"}]},{"c":[{"v":"objective"},{"v":4},{"v":"http://careers.stackoverflow.com/jobs/tag/objective"}]},{"c":[{"v":"sharepoint"},{"v":4},{"v":"http://careers.stackoverflow.com/jobs/tag/sharepoint"}]},{"c":[{"v":"vb"},{"v":1},{"v":"http://careers.stackoverflow.com/jobs/tag/vb"}]},{"c":[{"v":"jetty"},{"v":1},{"v":"http://careers.stackoverflow.com/jobs/tag/jetty"}]},{"c":[{"v":"xquery"},{"v":1},{"v":"http://careers.stackoverflow.com/jobs/tag/xquery"}]},{"c":[{"v":"jpa"},{"v":1},{"v":"http://careers.stackoverflow.com/jobs/tag/jpa"}]},{"c":[{"v":"android-sdk"},{"v":4},{"v":"http://careers.stackoverflow.com/jobs/tag/android-sdk"}]},{"c":[{"v":"kohana"},{"v":1},{"v":"http://careers.stackoverflow.com/jobs/tag/kohana"}]},{"c":[{"v":"cad"},{"v":1},{"v":"http://careers.stackoverflow.com/jobs/tag/cad"}]},{"c":[{"v":"qt"},{"v":2},{"v":"http://careers.stackoverflow.com/jobs/tag/qt"}]},{"c":[{"v":"puppet"},{"v":2},{"v":"http://careers.stackoverflow.com/jobs/tag/puppet"}]},{"c":[{"v":"hbase"},{"v":2},{"v":"http://careers.stackoverflow.com/jobs/tag/hbase"}]},{"c":[{"v":"jvm"},{"v":1},{"v":"http://careers.stackoverflow.com/jobs/tag/jvm"}]},{"c":[{"v":"ant"},{"v":1},{"v":"http://careers.stackoverflow.com/jobs/tag/ant"}]},{"c":[{"v":"appengine"},{"v":2},{"v":"http://careers.stackoverflow.com/jobs/tag/appengine"}]},{"c":[{"v":"compilers"},{"v":1},{"v":"http://careers.stackoverflow.com/jobs/tag/compilers"}]},{"c":[{"v":"debuggers"},{"v":1},{"v":"http://careers.stackoverflow.com/jobs/tag/debuggers"}]},{"c":[{"v":"oracle"},{"v":4},{"v":"http://careers.stackoverflow.com/jobs/tag/oracle"}]},{"c":[{"v":"haml"},{"v":2},{"v":"http://careers.stackoverflow.com/jobs/tag/haml"}]},{"c":[{"v":"ubuntu"},{"v":2},{"v":"http://careers.stackoverflow.com/jobs/tag/ubuntu"}]},{"c":[{"v":"jython"},{"v":2},{"v":"http://careers.stackoverflow.com/jobs/tag/jython"}]},{"c":[{"v":"facebook"},{"v":3},{"v":"http://careers.stackoverflow.com/jobs/tag/facebook"}]},{"c":[{"v":"facebook-graph-api"},{"v":2},{"v":"http://careers.stackoverflow.com/jobs/tag/facebook-graph-api"}]},{"c":[{"v":"bdd"},{"v":1},{"v":"http://careers.stackoverflow.com/jobs/tag/bdd"}]},{"c":[{"v":"ruby-on-rails-3"},{"v":2},{"v":"http://careers.stackoverflow.com/jobs/tag/ruby-on-rails-3"}]},{"c":[{"v":"lifecycle"},{"v":1},{"v":"http://careers.stackoverflow.com/jobs/tag/lifecycle"}]},{"c":[{"v":"rest"},{"v":13},{"v":"http://careers.stackoverflow.com/jobs/tag/rest"}]},{"c":[{"v":"actionscript"},{"v":2},{"v":"http://careers.stackoverflow.com/jobs/tag/actionscript"}]},{"c":[{"v":"bash"},{"v":1},{"v":"http://careers.stackoverflow.com/jobs/tag/bash"}]},{"c":[{"v":"performance-tuning"},{"v":1},{"v":"http://careers.stackoverflow.com/jobs/tag/performance-tuning"}]},{"c":[{"v":"wordpress"},{"v":2},{"v":"http://careers.stackoverflow.com/jobs/tag/wordpress"}]},{"c":[{"v":"video"},{"v":2},{"v":"http://careers.stackoverflow.com/jobs/tag/video"}]},{"c":[{"v":"amazon-ec2"},{"v":1},{"v":"http://careers.stackoverflow.com/jobs/tag/amazon-ec2"}]},{"c":[{"v":"nfs"},{"v":1},{"v":"http://careers.stackoverflow.com/jobs/tag/nfs"}]},{"c":[{"v":"msbuild"},{"v":1},{"v":"http://careers.stackoverflow.com/jobs/tag/msbuild"}]},{"c":[{"v":"tfs"},{"v":1},{"v":"http://careers.stackoverflow.com/jobs/tag/tfs"}]},{"c":[{"v":"build"},{"v":1},{"v":"http://careers.stackoverflow.com/jobs/tag/build"}]},{"c":[{"v":"release"},{"v":1},{"v":"http://careers.stackoverflow.com/jobs/tag/release"}]},{"c":[{"v":"3d"},{"v":1},{"v":"http://careers.stackoverflow.com/jobs/tag/3d"}]},{"c":[{"v":"opengl-es"},{"v":2},{"v":"http://careers.stackoverflow.com/jobs/tag/opengl-es"}]},{"c":[{"v":"internet"},{"v":1},{"v":"http://careers.stackoverflow.com/jobs/tag/internet"}]},{"c":[{"v":"couchdb"},{"v":2},{"v":"http://careers.stackoverflow.com/jobs/tag/couchdb"}]},{"c":[{"v":"lucene"},{"v":4},{"v":"http://careers.stackoverflow.com/jobs/tag/lucene"}]},{"c":[{"v":"nlp"},{"v":1},{"v":"http://careers.stackoverflow.com/jobs/tag/nlp"}]},{"c":[{"v":"mapreduce"},{"v":2},{"v":"http://careers.stackoverflow.com/jobs/tag/mapreduce"}]},{"c":[{"v":"ruby-on.rails"},{"v":1},{"v":"http://careers.stackoverflow.com/jobs/tag/ruby-on.rails"}]},{"c":[{"v":"asp.net-mvc-3"},{"v":4},{"v":"http://careers.stackoverflow.com/jobs/tag/asp.net-mvc-3"}]},{"c":[{"v":"twitter"},{"v":1},{"v":"http://careers.stackoverflow.com/jobs/tag/twitter"}]},{"c":[{"v":"distributed-caching"},{"v":1},{"v":"http://careers.stackoverflow.com/jobs/tag/distributed-caching"}]},{"c":[{"v":"scale"},{"v":1},{"v":"http://careers.stackoverflow.com/jobs/tag/scale"}]},{"c":[{"v":"core-java"},{"v":1},{"v":"http://careers.stackoverflow.com/jobs/tag/core-java"}]},{"c":[{"v":"database-schema-design"},{"v":1},{"v":"http://careers.stackoverflow.com/jobs/tag/database-schema-design"}]},{"c":[{"v":"concurrency"},{"v":1},{"v":"http://careers.stackoverflow.com/jobs/tag/concurrency"}]},{"c":[{"v":"threading"},{"v":1},{"v":"http://careers.stackoverflow.com/jobs/tag/threading"}]},{"c":[{"v":"jquery-ajax"},{"v":4},{"v":"http://careers.stackoverflow.com/jobs/tag/jquery-ajax"}]},{"c":[{"v":"web-frontend"},{"v":1},{"v":"http://careers.stackoverflow.com/jobs/tag/web-frontend"}]},{"c":[{"v":"biztalk-2010"},{"v":1},{"v":"http://careers.stackoverflow.com/jobs/tag/biztalk-2010"}]},{"c":[{"v":"edi"},{"v":1},{"v":"http://careers.stackoverflow.com/jobs/tag/edi"}]},{"c":[{"v":"visual-studio-2010"},{"v":1},{"v":"http://careers.stackoverflow.com/jobs/tag/visual-studio-2010"}]},{"c":[{"v":"asp"},{"v":1},{"v":"http://careers.stackoverflow.com/jobs/tag/asp"}]},{"c":[{"v":"stored-procedures"},{"v":1},{"v":"http://careers.stackoverflow.com/jobs/tag/stored-procedures"}]},{"c":[{"v":"software-engineering"},{"v":4},{"v":"http://careers.stackoverflow.com/jobs/tag/software-engineering"}]},{"c":[{"v":"embedded"},{"v":3},{"v":"http://careers.stackoverflow.com/jobs/tag/embedded"}]},{"c":[{"v":"consulting"},{"v":1},{"v":"http://careers.stackoverflow.com/jobs/tag/consulting"}]},{"c":[{"v":"clojure"},{"v":1},{"v":"http://careers.stackoverflow.com/jobs/tag/clojure"}]},{"c":[{"v":"api"},{"v":4},{"v":"http://careers.stackoverflow.com/jobs/tag/api"}]},{"c":[{"v":"cucumber"},{"v":1},{"v":"http://careers.stackoverflow.com/jobs/tag/cucumber"}]},{"c":[{"v":"spring-security"},{"v":1},{"v":"http://careers.stackoverflow.com/jobs/tag/spring-security"}]},{"c":[{"v":"soa"},{"v":2},{"v":"http://careers.stackoverflow.com/jobs/tag/soa"}]},{"c":[{"v":"otp"},{"v":1},{"v":"http://careers.stackoverflow.com/jobs/tag/otp"}]},{"c":[{"v":"ab-testing"},{"v":1},{"v":"http://careers.stackoverflow.com/jobs/tag/ab-testing"}]},{"c":[{"v":"refactoring"},{"v":2},{"v":"http://careers.stackoverflow.com/jobs/tag/refactoring"}]},{"c":[{"v":"macosx"},{"v":1},{"v":"http://careers.stackoverflow.com/jobs/tag/macosx"}]},{"c":[{"v":"agile-development"},{"v":2},{"v":"http://careers.stackoverflow.com/jobs/tag/agile-development"}]},{"c":[{"v":"build-automation"},{"v":2},{"v":"http://careers.stackoverflow.com/jobs/tag/build-automation"}]},{"c":[{"v":"data"},{"v":1},{"v":"http://careers.stackoverflow.com/jobs/tag/data"}]},{"c":[{"v":"agile-scrum"},{"v":1},{"v":"http://careers.stackoverflow.com/jobs/tag/agile-scrum"}]},{"c":[{"v":"social-networking"},{"v":3},{"v":"http://careers.stackoverflow.com/jobs/tag/social-networking"}]},{"c":[{"v":"educational"},{"v":1},{"v":"http://careers.stackoverflow.com/jobs/tag/educational"}]},{"c":[{"v":"agilescrum"},{"v":1},{"v":"http://careers.stackoverflow.com/jobs/tag/agilescrum"}]},{"c":[{"v":"networking"},{"v":3},{"v":"http://careers.stackoverflow.com/jobs/tag/networking"}]},{"c":[{"v":"desktop"},{"v":1},{"v":"http://careers.stackoverflow.com/jobs/tag/desktop"}]},{"c":[{"v":"web"},{"v":4},{"v":"http://careers.stackoverflow.com/jobs/tag/web"}]},{"c":[{"v":"algorithm"},{"v":3},{"v":"http://careers.stackoverflow.com/jobs/tag/algorithm"}]},{"c":[{"v":"signal-processing"},{"v":1},{"v":"http://careers.stackoverflow.com/jobs/tag/signal-processing"}]},{"c":[{"v":"scrum"},{"v":1},{"v":"http://careers.stackoverflow.com/jobs/tag/scrum"}]},{"c":[{"v":"automated-testing"},{"v":1},{"v":"http://careers.stackoverflow.com/jobs/tag/automated-testing"}]},{"c":[{"v":"augmented-reality"},{"v":1},{"v":"http://careers.stackoverflow.com/jobs/tag/augmented-reality"}]},{"c":[{"v":"game-development"},{"v":2},{"v":"http://careers.stackoverflow.com/jobs/tag/game-development"}]},{"c":[{"v":"db2"},{"v":1},{"v":"http://careers.stackoverflow.com/jobs/tag/db2"}]},{"c":[{"v":"sqlserver"},{"v":1},{"v":"http://careers.stackoverflow.com/jobs/tag/sqlserver"}]},{"c":[{"v":"jax-ws"},{"v":2},{"v":"http://careers.stackoverflow.com/jobs/tag/jax-ws"}]},{"c":[{"v":"ui"},{"v":1},{"v":"http://careers.stackoverflow.com/jobs/tag/ui"}]},{"c":[{"v":"mongoid"},{"v":1},{"v":"http://careers.stackoverflow.com/jobs/tag/mongoid"}]},{"c":[{"v":"grails"},{"v":4},{"v":"http://careers.stackoverflow.com/jobs/tag/grails"}]},{"c":[{"v":"hibernate"},{"v":4},{"v":"http://careers.stackoverflow.com/jobs/tag/hibernate"}]},{"c":[{"v":"tomcat"},{"v":3},{"v":"http://careers.stackoverflow.com/jobs/tag/tomcat"}]},{"c":[{"v":"kernel"},{"v":2},{"v":"http://careers.stackoverflow.com/jobs/tag/kernel"}]},{"c":[{"v":"algorithms"},{"v":1},{"v":"http://careers.stackoverflow.com/jobs/tag/algorithms"}]},{"c":[{"v":"nhibernate"},{"v":1},{"v":"http://careers.stackoverflow.com/jobs/tag/nhibernate"}]},{"c":[{"v":"ocaml"},{"v":1},{"v":"http://careers.stackoverflow.com/jobs/tag/ocaml"}]},{"c":[{"v":"haskell"},{"v":1},{"v":"http://careers.stackoverflow.com/jobs/tag/haskell"}]},{"c":[{"v":"scheme"},{"v":1},{"v":"http://careers.stackoverflow.com/jobs/tag/scheme"}]},{"c":[{"v":"mobile-phones"},{"v":1},{"v":"http://careers.stackoverflow.com/jobs/tag/mobile-phones"}]},{"c":[{"v":"aws"},{"v":2},{"v":"http://careers.stackoverflow.com/jobs/tag/aws"}]},{"c":[{"v":"data-modeling"},{"v":2},{"v":"http://careers.stackoverflow.com/jobs/tag/data-modeling"}]},{"c":[{"v":"reporting-services"},{"v":1},{"v":"http://careers.stackoverflow.com/jobs/tag/reporting-services"}]},{"c":[{"v":"js"},{"v":1},{"v":"http://careers.stackoverflow.com/jobs/tag/js"}]},{"c":[{"v":"silicon-milkroundabout"},{"v":2},{"v":"http://careers.stackoverflow.com/jobs/tag/silicon-milkroundabout"}]},{"c":[{"v":"e-commerce"},{"v":1},{"v":"http://careers.stackoverflow.com/jobs/tag/e-commerce"}]},{"c":[{"v":"web-analytics"},{"v":1},{"v":"http://careers.stackoverflow.com/jobs/tag/web-analytics"}]},{"c":[{"v":"kentico"},{"v":1},{"v":"http://careers.stackoverflow.com/jobs/tag/kentico"}]},{"c":[{"v":"computer-vision"},{"v":1},{"v":"http://careers.stackoverflow.com/jobs/tag/computer-vision"}]},{"c":[{"v":"artificial-intelligence"},{"v":1},{"v":"http://careers.stackoverflow.com/jobs/tag/artificial-intelligence"}]},{"c":[{"v":"iis7"},{"v":1},{"v":"http://careers.stackoverflow.com/jobs/tag/iis7"}]},{"c":[{"v":"stata"},{"v":1},{"v":"http://careers.stackoverflow.com/jobs/tag/stata"}]},{"c":[{"v":"gis"},{"v":1},{"v":"http://careers.stackoverflow.com/jobs/tag/gis"}]},{"c":[{"v":"mssql"},{"v":1},{"v":"http://careers.stackoverflow.com/jobs/tag/mssql"}]},{"c":[{"v":"build-cool-stuff"},{"v":1},{"v":"http://careers.stackoverflow.com/jobs/tag/build-cool-stuff"}]},{"c":[{"v":"winrunner"},{"v":1},{"v":"http://careers.stackoverflow.com/jobs/tag/winrunner"}]},{"c":[{"v":"awk"},{"v":2},{"v":"http://careers.stackoverflow.com/jobs/tag/awk"}]},{"c":[{"v":"adobe-indesign"},{"v":1},{"v":"http://careers.stackoverflow.com/jobs/tag/adobe-indesign"}]},{"c":[{"v":"dhtml"},{"v":1},{"v":"http://careers.stackoverflow.com/jobs/tag/dhtml"}]},{"c":[{"v":"zk"},{"v":1},{"v":"http://careers.stackoverflow.com/jobs/tag/zk"}]},{"c":[{"v":"scalability"},{"v":4},{"v":"http://careers.stackoverflow.com/jobs/tag/scalability"}]},{"c":[{"v":"gdb"},{"v":1},{"v":"http://careers.stackoverflow.com/jobs/tag/gdb"}]},{"c":[{"v":"j2me"},{"v":1},{"v":"http://careers.stackoverflow.com/jobs/tag/j2me"}]},{"c":[{"v":"brew"},{"v":1},{"v":"http://careers.stackoverflow.com/jobs/tag/brew"}]},{"c":[{"v":"nunit"},{"v":1},{"v":"http://careers.stackoverflow.com/jobs/tag/nunit"}]},{"c":[{"v":"teamcity"},{"v":1},{"v":"http://careers.stackoverflow.com/jobs/tag/teamcity"}]},{"c":[{"v":"mobileweb"},{"v":1},{"v":"http://careers.stackoverflow.com/jobs/tag/mobileweb"}]},{"c":[{"v":"testing"},{"v":1},{"v":"http://careers.stackoverflow.com/jobs/tag/testing"}]},{"c":[{"v":"visual-studio"},{"v":1},{"v":"http://careers.stackoverflow.com/jobs/tag/visual-studio"}]},{"c":[{"v":"audio"},{"v":1},{"v":"http://careers.stackoverflow.com/jobs/tag/audio"}]},{"c":[{"v":"html5-video"},{"v":1},{"v":"http://careers.stackoverflow.com/jobs/tag/html5-video"}]},{"c":[{"v":"soapui"},{"v":1},{"v":"http://careers.stackoverflow.com/jobs/tag/soapui"}]},{"c":[{"v":"automated-tests"},{"v":1},{"v":"http://careers.stackoverflow.com/jobs/tag/automated-tests"}]},{"c":[{"v":"arcgis"},{"v":1},{"v":"http://careers.stackoverflow.com/jobs/tag/arcgis"}]},{"c":[{"v":"math"},{"v":1},{"v":"http://careers.stackoverflow.com/jobs/tag/math"}]},{"c":[{"v":"html5-canvas"},{"v":1},{"v":"http://careers.stackoverflow.com/jobs/tag/html5-canvas"}]},{"c":[{"v":"iis"},{"v":1},{"v":"http://careers.stackoverflow.com/jobs/tag/iis"}]},{"c":[{"v":"jms"},{"v":1},{"v":"http://careers.stackoverflow.com/jobs/tag/jms"}]},{"c":[{"v":"device-driver"},{"v":1},{"v":"http://careers.stackoverflow.com/jobs/tag/device-driver"}]},{"c":[{"v":"restsoa"},{"v":1},{"v":"http://careers.stackoverflow.com/jobs/tag/restsoa"}]},{"c":[{"v":"jspjstl"},{"v":1},{"v":"http://careers.stackoverflow.com/jobs/tag/jspjstl"}]},{"c":[{"v":"open-source"},{"v":2},{"v":"http://careers.stackoverflow.com/jobs/tag/open-source"}]},{"c":[{"v":"oauth"},{"v":1},{"v":"http://careers.stackoverflow.com/jobs/tag/oauth"}]},{"c":[{"v":"security"},{"v":2},{"v":"http://careers.stackoverflow.com/jobs/tag/security"}]},{"c":[{"v":"assembly"},{"v":1},{"v":"http://careers.stackoverflow.com/jobs/tag/assembly"}]},{"c":[{"v":"vulnerability"},{"v":1},{"v":"http://careers.stackoverflow.com/jobs/tag/vulnerability"}]},{"c":[{"v":"vulnerability-discovery"},{"v":1},{"v":"http://careers.stackoverflow.com/jobs/tag/vulnerability-discovery"}]},{"c":[{"v":"vulnerability-research"},{"v":1},{"v":"http://careers.stackoverflow.com/jobs/tag/vulnerability-research"}]},{"c":[{"v":"software-development"},{"v":1},{"v":"http://careers.stackoverflow.com/jobs/tag/software-development"}]},{"c":[{"v":"forensic-investigation"},{"v":1},{"v":"http://careers.stackoverflow.com/jobs/tag/forensic-investigation"}]},{"c":[{"v":"backbone"},{"v":1},{"v":"http://careers.stackoverflow.com/jobs/tag/backbone"}]},{"c":[{"v":"ejb-3.0"},{"v":1},{"v":"http://careers.stackoverflow.com/jobs/tag/ejb-3.0"}]},{"c":[{"v":"dba"},{"v":1},{"v":"http://careers.stackoverflow.com/jobs/tag/dba"}]},{"c":[{"v":"ice"},{"v":1},{"v":"http://careers.stackoverflow.com/jobs/tag/ice"}]},{"c":[{"v":"h264"},{"v":1},{"v":"http://careers.stackoverflow.com/jobs/tag/h264"}]},{"c":[{"v":"ffmpeg"},{"v":1},{"v":"http://careers.stackoverflow.com/jobs/tag/ffmpeg"}]},{"c":[{"v":"ravendb"},{"v":1},{"v":"http://careers.stackoverflow.com/jobs/tag/ravendb"}]},{"c":[{"v":"coldfusion"},{"v":1},{"v":"http://careers.stackoverflow.com/jobs/tag/coldfusion"}]},{"c":[{"v":"imap"},{"v":2},{"v":"http://careers.stackoverflow.com/jobs/tag/imap"}]},{"c":[{"v":"anthill"},{"v":1},{"v":"http://careers.stackoverflow.com/jobs/tag/anthill"}]},{"c":[{"v":"installshield"},{"v":1},{"v":"http://careers.stackoverflow.com/jobs/tag/installshield"}]},{"c":[{"v":"jira"},{"v":1},{"v":"http://careers.stackoverflow.com/jobs/tag/jira"}]},{"c":[{"v":"webparts"},{"v":1},{"v":"http://careers.stackoverflow.com/jobs/tag/webparts"}]},{"c":[{"v":"adobe"},{"v":1},{"v":"http://careers.stackoverflow.com/jobs/tag/adobe"}]},{"c":[{"v":"opencl"},{"v":1},{"v":"http://careers.stackoverflow.com/jobs/tag/opencl"}]},{"c":[{"v":"3d-graphics"},{"v":1},{"v":"http://careers.stackoverflow.com/jobs/tag/3d-graphics"}]},{"c":[{"v":"computational-geometry"},{"v":1},{"v":"http://careers.stackoverflow.com/jobs/tag/computational-geometry"}]},{"c":[{"v":"flask"},{"v":1},{"v":"http://careers.stackoverflow.com/jobs/tag/flask"}]},{"c":[{"v":"xbase"},{"v":1},{"v":"http://careers.stackoverflow.com/jobs/tag/xbase"}]},{"c":[{"v":"ecommerce"},{"v":1},{"v":"http://careers.stackoverflow.com/jobs/tag/ecommerce"}]},{"c":[{"v":"code"},{"v":1},{"v":"http://careers.stackoverflow.com/jobs/tag/code"}]},{"c":[{"v":"cloudbase"},{"v":1},{"v":"http://careers.stackoverflow.com/jobs/tag/cloudbase"}]},{"c":[{"v":"gwt"},{"v":2},{"v":"http://careers.stackoverflow.com/jobs/tag/gwt"}]},{"c":[{"v":"munin"},{"v":1},{"v":"http://careers.stackoverflow.com/jobs/tag/munin"}]},{"c":[{"v":"nagios"},{"v":2},{"v":"http://careers.stackoverflow.com/jobs/tag/nagios"}]},{"c":[{"v":"monitoring"},{"v":1},{"v":"http://careers.stackoverflow.com/jobs/tag/monitoring"}]},{"c":[{"v":"vps"},{"v":1},{"v":"http://careers.stackoverflow.com/jobs/tag/vps"}]},{"c":[{"v":"scaling"},{"v":1},{"v":"http://careers.stackoverflow.com/jobs/tag/scaling"}]},{"c":[{"v":"performance"},{"v":1},{"v":"http://careers.stackoverflow.com/jobs/tag/performance"}]},{"c":[{"v":"vsto"},{"v":1},{"v":"http://careers.stackoverflow.com/jobs/tag/vsto"}]},{"c":[{"v":"windows-services"},{"v":1},{"v":"http://careers.stackoverflow.com/jobs/tag/windows-services"}]},{"c":[{"v":"google-maps"},{"v":1},{"v":"http://careers.stackoverflow.com/jobs/tag/google-maps"}]},{"c":[{"v":"semantic-web"},{"v":1},{"v":"http://careers.stackoverflow.com/jobs/tag/semantic-web"}]},{"c":[{"v":"codeigniter"},{"v":1},{"v":"http://careers.stackoverflow.com/jobs/tag/codeigniter"}]},{"c":[{"v":"directx"},{"v":1},{"v":"http://careers.stackoverflow.com/jobs/tag/directx"}]},{"c":[{"v":"matlab"},{"v":1},{"v":"http://careers.stackoverflow.com/jobs/tag/matlab"}]},{"c":[{"v":"simulink"},{"v":1},{"v":"http://careers.stackoverflow.com/jobs/tag/simulink"}]},{"c":[{"v":"databases"},{"v":1},{"v":"http://careers.stackoverflow.com/jobs/tag/databases"}]},{"c":[{"v":"pentaho"},{"v":1},{"v":"http://careers.stackoverflow.com/jobs/tag/pentaho"}]},{"c":[{"v":"sip"},{"v":1},{"v":"http://careers.stackoverflow.com/jobs/tag/sip"}]},{"c":[{"v":"mod-perl"},{"v":1},{"v":"http://careers.stackoverflow.com/jobs/tag/mod-perl"}]},{"c":[{"v":".net-2.0"},{"v":1},{"v":"http://careers.stackoverflow.com/jobs/tag/.net-2.0"}]},{"c":[{"v":"amazon-web-services"},{"v":1},{"v":"http://careers.stackoverflow.com/jobs/tag/amazon-web-services"}]},{"c":[{"v":"swing"},{"v":1},{"v":"http://careers.stackoverflow.com/jobs/tag/swing"}]},{"c":[{"v":"osmf"},{"v":1},{"v":"http://careers.stackoverflow.com/jobs/tag/osmf"}]},{"c":[{"v":"akamai"},{"v":1},{"v":"http://careers.stackoverflow.com/jobs/tag/akamai"}]},{"c":[{"v":"restlet"},{"v":1},{"v":"http://careers.stackoverflow.com/jobs/tag/restlet"}]},{"c":[{"v":"ddd"},{"v":1},{"v":"http://careers.stackoverflow.com/jobs/tag/ddd"}]},{"c":[{"v":"ruby-on-rails-3.1"},{"v":1},{"v":"http://careers.stackoverflow.com/jobs/tag/ruby-on-rails-3.1"}]},{"c":[{"v":"directshow"},{"v":1},{"v":"http://careers.stackoverflow.com/jobs/tag/directshow"}]},{"c":[{"v":"sdk"},{"v":1},{"v":"http://careers.stackoverflow.com/jobs/tag/sdk"}]},{"c":[{"v":"big-o"},{"v":1},{"v":"http://careers.stackoverflow.com/jobs/tag/big-o"}]},{"c":[{"v":"indie-games"},{"v":1},{"v":"http://careers.stackoverflow.com/jobs/tag/indie-games"}]},{"c":[{"v":"cc++"},{"v":1},{"v":"http://careers.stackoverflow.com/jobs/tag/cc++"}]},{"c":[{"v":"expression-blend"},{"v":1},{"v":"http://careers.stackoverflow.com/jobs/tag/expression-blend"}]},{"c":[{"v":"orm"},{"v":1},{"v":"http://careers.stackoverflow.com/jobs/tag/orm"}]},{"c":[{"v":"hive"},{"v":1},{"v":"http://careers.stackoverflow.com/jobs/tag/hive"}]},{"c":[{"v":"hdfs"},{"v":1},{"v":"http://careers.stackoverflow.com/jobs/tag/hdfs"}]},{"c":[{"v":"cryptography"},{"v":1},{"v":"http://careers.stackoverflow.com/jobs/tag/cryptography"}]},{"c":[{"v":"lbm"},{"v":1},{"v":"http://careers.stackoverflow.com/jobs/tag/lbm"}]},{"c":[{"v":"tibco"},{"v":1},{"v":"http://careers.stackoverflow.com/jobs/tag/tibco"}]},{"c":[{"v":"azure"},{"v":1},{"v":"http://careers.stackoverflow.com/jobs/tag/azure"}]}]}