{"cols":[{"id":"tag","label":"Tag","type":"string"},{"id":"frequency","label":"Frequency","type":"number"},{"id":"URL","label":"URL","type":"string"}],"rows":[{"c":[{"v":"c#"},{"v":80},{"v":"http://careers.stackoverflow.com/jobs/tag/c#"}]},{"c":[{"v":"asp.net"},{"v":29},{"v":"http://careers.stackoverflow.com/jobs/tag/asp.net"}]},{"c":[{"v":"html"},{"v":97},{"v":"http://careers.stackoverflow.com/jobs/tag/html"}]},{"c":[{"v":"jquery"},{"v":76},{"v":"http://careers.stackoverflow.com/jobs/tag/jquery"}]},{"c":[{"v":"ruby"},{"v":32},{"v":"http://careers.stackoverflow.com/jobs/tag/ruby"}]},{"c":[{"v":"nosql"},{"v":7},{"v":"http://careers.stackoverflow.com/jobs/tag/nosql"}]},{"c":[{"v":"c++"},{"v":72},{"v":"http://careers.stackoverflow.com/jobs/tag/c++"}]},{"c":[{"v":"linux"},{"v":43},{"v":"http://careers.stackoverflow.com/jobs/tag/linux"}]},{"c":[{"v":"python"},{"v":76},{"v":"http://careers.stackoverflow.com/jobs/tag/python"}]},{"c":[{"v":"css"},{"v":77},{"v":"http://careers.stackoverflow.com/jobs/tag/css"}]},{"c":[{"v":"objective-c"},{"v":22},{"v":"http://careers.stackoverflow.com/jobs/tag/objective-c"}]},{"c":[{"v":"iphone"},{"v":7},{"v":"http://careers.stackoverflow.com/jobs/tag/iphone"}]},{"c":[{"v":"ipad"},{"v":5},{"v":"http://careers.stackoverflow.com/jobs/tag/ipad"}]},{"c":[{"v":"mobile"},{"v":8},{"v":"http://careers.stackoverflow.com/jobs/tag/mobile"}]},{"c":[{"v":"silverlight"},{"v":5},{"v":"http://careers.stackoverflow.com/jobs/tag/silverlight"}]},{"c":[{"v":"selenium"},{"v":6},{"v":"http://careers.stackoverflow.com/jobs/tag/selenium"}]},{"c":[{"v":"sysadmin"},{"v":19},{"v":"http://careers.stackoverflow.com/jobs/tag/sysadmin"}]},{"c":[{"v":"unix"},{"v":10},{"v":"http://careers.stackoverflow.com/jobs/tag/unix"}]},{"c":[{"v":"perl"},{"v":14},{"v":"http://careers.stackoverflow.com/jobs/tag/perl"}]},{"c":[{"v":"apache"},{"v":5},{"v":"http://careers.stackoverflow.com/jobs/tag/apache"}]},{"c":[{"v":"mysql"},{"v":43},{"v":"http://careers.stackoverflow.com/jobs/tag/mysql"}]},{"c":[{"v":"django"},{"v":16},{"v":"http://careers.stackoverflow.com/jobs/tag/django"}]},{"c":[{"v":"java"},{"v":112},{"v":"http://careers.stackoverflow.com/jobs/tag/java"}]},{"c":[{"v":"sql"},{"v":40},{"v":"http://careers.stackoverflow.com/jobs/tag/sql"}]},{"c":[{"v":"agile"},{"v":17},{"v":"http://careers.stackoverflow.com/jobs/tag/agile"}]},{"c":[{"v":"ruby-on-rails"},{"v":44},{"v":"http://careers.stackoverflow.com/jobs/tag/ruby-on-rails"}]},{"c":[{"v":"scala"},{"v":10},{"v":"http://careers.stackoverflow.com/jobs/tag/scala"}]},{"c":[{"v":"ios"},{"v":28},{"v":"http://careers.stackoverflow.com/jobs/tag/ios"}]},{"c":[{"v":"android"},{"v":21},{"v":"http://careers.stackoverflow.com/jobs/tag/android"}]},{"c":[{"v":"vb.net"},{"v":6},{"v":"http://careers.stackoverflow.com/jobs/tag/vb.net"}]},{"c":[{"v":"wcf"},{"v":7},{"v":"http://careers.stackoverflow.com/jobs/tag/wcf"}]},{"c":[{"v":"wpf"},{"v":9},{"v":"http://careers.stackoverflow.com/jobs/tag/wpf"}]},{"c":[{"v":"php"},{"v":61},{"v":"http://careers.stackoverflow.com/jobs/tag/php"}]},{"c":[{"v":"mongodb"},{"v":14},{"v":"http://careers.stackoverflow.com/jobs/tag/mongodb"}]},{"c":[{"v":"tdd"},{"v":13},{"v":"http://careers.stackoverflow.com/jobs/tag/tdd"}]},{"c":[{"v":"javascript"},{"v":117},{"v":"http://careers.stackoverflow.com/jobs/tag/javascript"}]},{"c":[{"v":"web-development"},{"v":11},{"v":"http://careers.stackoverflow.com/jobs/tag/web-development"}]},{"c":[{"v":"node.js"},{"v":6},{"v":"http://careers.stackoverflow.com/jobs/tag/node.js"}]},{"c":[{"v":"java-ee"},{"v":9},{"v":"http://careers.stackoverflow.com/jobs/tag/java-ee"}]},{"c":[{"v":"c"},{"v":19},{"v":"http://careers.stackoverflow.com/jobs/tag/c"}]},{"c":[{"v":"groovy"},{"v":7},{"v":"http://careers.stackoverflow.com/jobs/tag/groovy"}]},{"c":[{"v":"windows"},{"v":6},{"v":"http://careers.stackoverflow.com/jobs/tag/windows"}]},{"c":[{"v":"ajax"},{"v":19},{"v":"http://careers.stackoverflow.com/jobs/tag/ajax"}]},{"c":[{"v":".net"},{"v":32},{"v":"http://careers.stackoverflow.com/jobs/tag/.net"}]},{"c":[{"v":"mvc"},{"v":12},{"v":"http://careers.stackoverflow.com/jobs/tag/mvc"}]},{"c":[{"v":"asp.net-mvc"},{"v":7},{"v":"http://careers.stackoverflow.com/jobs/tag/asp.net-mvc"}]},{"c":[{"v":"git"},{"v":8},{"v":"http://careers.stackoverflow.com/jobs/tag/git"}]},{"c":[{"v":"sql-server"},{"v":17},{"v":"http://careers.stackoverflow.com/jobs/tag/sql-server"}]},{"c":[{"v":"gui"},{"v":5},{"v":"http://careers.stackoverflow.com/jobs/tag/gui"}]},{"c":[{"v":"hadoop"},{"v":9},{"v":"http://careers.stackoverflow.com/jobs/tag/hadoop"}]},{"c":[{"v":"web-applications"},{"v":6},{"v":"http://careers.stackoverflow.com/jobs/tag/web-applications"}]},{"c":[{"v":"postgresql"},{"v":10},{"v":"http://careers.stackoverflow.com/jobs/tag/postgresql"}]},{"c":[{"v":"spring"},{"v":13},{"v":"http://careers.stackoverflow.com/jobs/tag/spring"}]},{"c":[{"v":"oop"},{"v":11},{"v":"http://careers.stackoverflow.com/jobs/tag/oop"}]},{"c":[{"v":"sqlite"},{"v":6},{"v":"http://careers.stackoverflow.com/jobs/tag/sqlite"}]},{"c":[{"v":"opengl"},{"v":7},{"v":"http://careers.stackoverflow.com/jobs/tag/opengl"}]},{"c":[{"v":"lamp"},{"v":8},{"v":"http://careers.stackoverflow.com/jobs/tag/lamp"}]},{"c":[{"v":"cocoa"},{"v":6},{"v":"http://careers.stackoverflow.com/jobs/tag/cocoa"}]},{"c":[{"v":"user-interface"},{"v":6},{"v":"http://careers.stackoverflow.com/jobs/tag/user-interface"}]},{"c":[{"v":"json"},{"v":6},{"v":"http://careers.stackoverflow.com/jobs/tag/json"}]},{"c":[{"v":"xml"},{"v":7},{"v":"http://careers.stackoverflow.com/jobs/tag/xml"}]},{"c":[{"v":"rest"},{"v":13},{"v":"http://careers.stackoverflow.com/jobs/tag/rest"}]}]}