{"cols":[{"id":"tag","label":"Tag","type":"string"},{"id":"URL","label":"URL","type":"string"},{"id":"frequency","label":"Frequency","type":"number"}],"rows":[{"c":[{"v":"c#"},{"v":"http://careers.stackoverflow.com/jobs/tag/c#"},{"v":20}]},{"c":[{"v":"asp.net"},{"v":"http://careers.stackoverflow.com/jobs/tag/asp.net"},{"v":7}]},{"c":[{"v":"html"},{"v":"http://careers.stackoverflow.com/jobs/tag/html"},{"v":24}]},{"c":[{"v":"jquery"},{"v":"http://careers.stackoverflow.com/jobs/tag/jquery"},{"v":19}]},{"c":[{"v":"ruby"},{"v":"http://careers.stackoverflow.com/jobs/tag/ruby"},{"v":8}]},{"c":[{"v":"nosql"},{"v":"http://careers.stackoverflow.com/jobs/tag/nosql"},{"v":1}]},{"c":[{"v":"c++"},{"v":"http://careers.stackoverflow.com/jobs/tag/c++"},{"v":18}]},{"c":[{"v":"linux"},{"v":"http://careers.stackoverflow.com/jobs/tag/linux"},{"v":10}]},{"c":[{"v":"python"},{"v":"http://careers.stackoverflow.com/jobs/tag/python"},{"v":19}]},{"c":[{"v":"css"},{"v":"http://careers.stackoverflow.com/jobs/tag/css"},{"v":19}]},{"c":[{"v":"objective-c"},{"v":"http://careers.stackoverflow.com/jobs/tag/objective-c"},{"v":5}]},{"c":[{"v":"iphone"},{"v":"http://careers.stackoverflow.com/jobs/tag/iphone"},{"v":1}]},{"c":[{"v":"ipad"},{"v":"http://careers.stackoverflow.com/jobs/tag/ipad"},{"v":1}]},{"c":[{"v":"mobile"},{"v":"http://careers.stackoverflow.com/jobs/tag/mobile"},{"v":1}]},{"c":[{"v":"silverlight"},{"v":"http://careers.stackoverflow.com/jobs/tag/silverlight"},{"v":1}]},{"c":[{"v":"selenium"},{"v":"http://careers.stackoverflow.com/jobs/tag/selenium"},{"v":1}]},{"c":[{"v":"sysadmin"},{"v":"http://careers.stackoverflow.com/jobs/tag/sysadmin"},{"v":4}]},{"c":[{"v":"unix"},{"v":"http://careers.stackoverflow.com/jobs/tag/unix"},{"v":2}]},{"c":[{"v":"perl"},{"v":"http://careers.stackoverflow.com/jobs/tag/perl"},{"v":3}]},{"c":[{"v":"apache"},{"v":"http://careers.stackoverflow.com/jobs/tag/apache"},{"v":1}]},{"c":[{"v":"mysql"},{"v":"http://careers.stackoverflow.com/jobs/tag/mysql"},{"v":10}]},{"c":[{"v":"django"},{"v":"http://careers.stackoverflow.com/jobs/tag/django"},{"v":3}]},{"c":[{"v":"java"},{"v":"http://careers.stackoverflow.com/jobs/tag/java"},{"v":28}]},{"c":[{"v":"sql"},{"v":"http://careers.stackoverflow.com/jobs/tag/sql"},{"v":10}]},{"c":[{"v":"agile"},{"v":"http://careers.stackoverflow.com/jobs/tag/agile"},{"v":4}]},{"c":[{"v":"ruby-on-rails"},{"v":"http://careers.stackoverflow.com/jobs/tag/ruby-on-rails"},{"v":11}]},{"c":[{"v":"scala"},{"v":"http://careers.stackoverflow.com/jobs/tag/scala"},{"v":2}]},{"c":[{"v":"ios"},{"v":"http://careers.stackoverflow.com/jobs/tag/ios"},{"v":6}]},{"c":[{"v":"android"},{"v":"http://careers.stackoverflow.com/jobs/tag/android"},{"v":5}]},{"c":[{"v":"vb.net"},{"v":"http://careers.stackoverflow.com/jobs/tag/vb.net"},{"v":1}]},{"c":[{"v":"wcf"},{"v":"http://careers.stackoverflow.com/jobs/tag/wcf"},{"v":1}]},{"c":[{"v":"wpf"},{"v":"http://careers.stackoverflow.com/jobs/tag/wpf"},{"v":2}]},{"c":[{"v":"php"},{"v":"http://careers.stackoverflow.com/jobs/tag/php"},{"v":15}]},{"c":[{"v":"mongodb"},{"v":"http://careers.stackoverflow.com/jobs/tag/mongodb"},{"v":3}]},{"c":[{"v":"tdd"},{"v":"http://careers.stackoverflow.com/jobs/tag/tdd"},{"v":3}]},{"c":[{"v":"javascript"},{"v":"http://careers.stackoverflow.com/jobs/tag/javascript"},{"v":30}]},{"c":[{"v":"web-development"},{"v":"http://careers.stackoverflow.com/jobs/tag/web-development"},{"v":2}]},{"c":[{"v":"node.js"},{"v":"http://careers.stackoverflow.com/jobs/tag/node.js"},{"v":1}]},{"c":[{"v":"java-ee"},{"v":"http://careers.stackoverflow.com/jobs/tag/java-ee"},{"v":2}]},{"c":[{"v":"c"},{"v":"http://careers.stackoverflow.com/jobs/tag/c"},{"v":4}]},{"c":[{"v":"groovy"},{"v":"http://careers.stackoverflow.com/jobs/tag/groovy"},{"v":1}]},{"c":[{"v":"windows"},{"v":"http://careers.stackoverflow.com/jobs/tag/windows"},{"v":1}]},{"c":[{"v":"ajax"},{"v":"http://careers.stackoverflow.com/jobs/tag/ajax"},{"v":4}]},{"c":[{"v":".net"},{"v":"http://careers.stackoverflow.com/jobs/tag/.net"},{"v":8}]},{"c":[{"v":"mvc"},{"v":"http://careers.stackoverflow.com/jobs/tag/mvc"},{"v":2}]},{"c":[{"v":"asp.net-mvc"},{"v":"http://careers.stackoverflow.com/jobs/tag/asp.net-mvc"},{"v":1}]},{"c":[{"v":"git"},{"v":"http://careers.stackoverflow.com/jobs/tag/git"},{"v":1}]},{"c":[{"v":"sql-server"},{"v":"http://careers.stackoverflow.com/jobs/tag/sql-server"},{"v":4}]},{"c":[{"v":"gui"},{"v":"http://careers.stackoverflow.com/jobs/tag/gui"},{"v":1}]},{"c":[{"v":"hadoop"},{"v":"http://careers.stackoverflow.com/jobs/tag/hadoop"},{"v":2}]},{"c":[{"v":"web-applications"},{"v":"http://careers.stackoverflow.com/jobs/tag/web-applications"},{"v":1}]},{"c":[{"v":"postgresql"},{"v":"http://careers.stackoverflow.com/jobs/tag/postgresql"},{"v":2}]},{"c":[{"v":"spring"},{"v":"http://careers.stackoverflow.com/jobs/tag/spring"},{"v":3}]},{"c":[{"v":"oop"},{"v":"http://careers.stackoverflow.com/jobs/tag/oop"},{"v":2}]},{"c":[{"v":"sqlite"},{"v":"http://careers.stackoverflow.com/jobs/tag/sqlite"},{"v":1}]},{"c":[{"v":"opengl"},{"v":"http://careers.stackoverflow.com/jobs/tag/opengl"},{"v":1}]},{"c":[{"v":"lamp"},{"v":"http://careers.stackoverflow.com/jobs/tag/lamp"},{"v":1}]},{"c":[{"v":"cocoa"},{"v":"http://careers.stackoverflow.com/jobs/tag/cocoa"},{"v":1}]},{"c":[{"v":"user-interface"},{"v":"http://careers.stackoverflow.com/jobs/tag/user-interface"},{"v":1}]},{"c":[{"v":"json"},{"v":"http://careers.stackoverflow.com/jobs/tag/json"},{"v":1}]},{"c":[{"v":"xml"},{"v":"http://careers.stackoverflow.com/jobs/tag/xml"},{"v":1}]},{"c":[{"v":"rest"},{"v":"http://careers.stackoverflow.com/jobs/tag/rest"},{"v":3}]}]}