{"c#":[["asp.net",24],[".net",22],["jquery",13],["javascript",12],["sql",12],["html",11],["sql-server",11],["c++",10],["css",8],["wpf",7]],"asp.net":[["c#",24],["sql",8],["javascript",7],["jquery",6],["sql-server",4],["html",4],[".net",4],["vb.net",4],["mvc",4],["css",3]],"html":[["css",64],["javascript",62],["jquery",37],["php",21],["c#",11],["python",9],["ajax",6],["django",6],["ruby-on-rails",5],["git",5]],"jquery":[["html",37],["css",34],["javascript",33],["php",14],["c#",13],["python",11],["mysql",9],["django",8],["ruby-on-rails",7],["sql",7]],"ruby":[["python",11],["ruby-on-rails",10],["javascript",8],["php",6],["mysql",6],["java",5],["sql",4],["agile",3],["tdd",3],["scala",3]],"c++":[["java",34],["python",18],["linux",15],["c",13],["c#",10],["javascript",7],["perl",5],["objective-c",5],["opengl",5],["sqlite",5]],"linux":[["java",20],["python",16],["c++",15],["javascript",6],["mysql",6],["sql",4],["ruby-on-rails",4],["unix",4],["perl",4],["sqlite",4]],"python":[["java",25],["c++",18],["linux",16],["javascript",16],["django",14],["php",12],["jquery",11],["ruby",11],["html",9],["mysql",7]],"css":[["html",63],["javascript",55],["jquery",34],["php",13],["ajax",10],["c#",8],["ruby-on-rails",5],["python",4],["asp.net",3],["mvc",3]],"objective-c":[["ios",10],["c++",5],["ipad",5],["java",5],["cocoa",4],["iphone",4],["python",4],["javascript",4],["android",3],["sqlite",2]],"mysql":[["php",21],["jquery",9],["ruby-on-rails",8],["python",7],["javascript",7],["sysadmin",6],["linux",6],["ruby",6],["java",5],["html",5]],"java":[["c++",34],["python",25],["linux",20],["sql",11],["javascript",11],["android",11],["spring",11],["perl",8],["c",8],["c#",7]],"sql":[["c#",12],["java",11],["asp.net",8],["jquery",7],["javascript",6],["python",6],["html",4],["php",4],["ruby",4],["linux",4]],"ruby-on-rails":[["javascript",11],["ruby",10],["mysql",8],["jquery",7],["mongodb",6],["tdd",5],["ios",5],["css",5],["html",5],["linux",4]],"ios":[["objective-c",10],["android",10],["ruby-on-rails",5],["iphone",4],["c++",4],["java",3],["javascript",3],["ipad",3],["cocoa",3],["python",3]],"android":[["java",11],["ios",10],["ruby-on-rails",4],["objective-c",3],["c",3],["mobile",3],["javascript",3],["android-sdk",3],["sql",2],["html",2]],"php":[["mysql",21],["html",21],["javascript",20],["jquery",14],["css",13],["python",12],["ajax",6],["ruby",6],["lamp",5],["java",5]],"javascript":[["html",62],["css",55],["jquery",33],["php",20],["python",16],["c#",12],["ajax",11],["java",11],["ruby-on-rails",11],["ruby",8]],"ajax":[["javascript",11],["css",10],["php",6],["html",6],["c#",5],["jquery",5],["asp.net",3],["mysql",2],[".net",2],["c++",1]],".net":[["c#",22],["wpf",4],["asp.net",4],["jquery",4],["sql",4],["wcf",4],["silverlight",3],["java",3],["c++",2],["ajax",2]]}