[{"features": ["has_real_ale", "is_locale_accredited", "has_disabled_access", "has_evening_meals", "has_function_room", "has_lined_glasses", "has_lunchtime_meals", "has_restaurant", "is_close_to_train_station", "is_close_to_bus_stop"], "www_url": "zerodegrees.co.uk/reading", "facebook_url": null, "address": "9 Bridge Street Reading RG1 2LR", "twitter_handle": null, "description": "Zerodegrees", "location": "51.4538, -0.973", "phone_number": "(0118) 959 7959", "events_url": null, "name": "Zerodegrees", "last_update": "2014-03-04 20:01:52.747036", "postcode": "RG1 2LR"}, {"features": ["has_real_ale", "has_evening_meals", "has_lunchtime_meals", "is_close_to_train_station"], "www_url": "allbarone.co.uk/allbaronereading/?_q=rea...", "facebook_url": null, "address": "13 The Riverside (formerly located on Kings Road) Reading RG1 2AG", "twitter_handle": null, "description": "All Bar One", "location": "51.4536, -0.9713", "phone_number": "0845 126 2982", "events_url": null, "name": "All Bar One", "last_update": "2014-03-04 20:01:52.753980", "postcode": "RG1 2AG"}, {"features": ["has_real_ale", "has_evening_meals", "has_live_music", "has_lunchtime_meals", "has_newspapers", "has_garden", "has_sports_tv", "has_games", "is_close_to_train_station", "is_close_to_bus_stop"], "www_url": null, "facebook_url": null, "address": "16 Castle Street Reading RG1 7RD", "twitter_handle": null, "description": "Sun Inn", "location": "51.4536, -0.975", "phone_number": "(0118) 957 5106", "events_url": null, "name": "Sun Inn", "last_update": "2014-03-04 20:01:53.460245", "postcode": "RG1 7RD"}, {"features": [], "www_url": "allied-arms.co.uk", "facebook_url": "https://www.facebook.com/TheAlliedArms", "address": "57 St. Mary's Butts Reading RG1 2LG", "twitter_handle": null, "description": "Allied Arms", "location": "51.4549, -0.9745", "phone_number": "(0118) 958 3323", "events_url": null, "name": "Allied Arms", "last_update": "2014-03-04 20:01:53.972744", "postcode": "RG1 2LG"}, {"features": ["has_real_ale", "has_evening_meals", "is_family_friendly", "has_lunchtime_meals", "is_close_to_train_station", "is_close_to_bus_stop"], "www_url": "nilviphotelsgroup.com/thegeorge/index.as...", "facebook_url": null, "address": "10-12 King Stree Reading RG1 2HF", "twitter_handle": null, "description": "George Hotel (Dickens Bar)", "location": "51.4546, -0.9702", "phone_number": "(0118) 957 3445", "events_url": null, "name": "George Hotel (Dickens Bar)", "last_update": "2014-03-04 20:01:58.171044", "postcode": "RG1 2HF"}, {"features": ["has_real_ale", "has_function_room", "has_live_music", "has_lunchtime_meals", "has_garden", "has_smoking_area", "has_sports_tv", "has_games", "is_close_to_bus_stop"], "www_url": "theredlionreading.co.uk", "facebook_url": null, "address": "34 Southampton Street Reading RG1 2QL", "twitter_handle": null, "description": "Red Lion", "location": "51.4508, -0.9714", "phone_number": "(0118) 957 1473", "events_url": null, "name": "Red Lion", "last_update": "2014-03-04 20:01:58.426486", "postcode": "RG1 2QL"}, {"features": ["has_real_ale", "has_live_music", "has_garden", "has_smoking_area", "is_close_to_train_station", "is_close_to_bus_stop"], "www_url": "purpleturtlebar.com", "facebook_url": null, "address": "9 Gun Street Reading RG1 2JR", "twitter_handle": null, "description": "Purple Turtle", "location": "51.4539, -0.973", "phone_number": "(0118) 959 7196", "events_url": null, "name": "Purple Turtle", "last_update": "2014-03-04 20:01:58.679067", "postcode": "RG1 2JR"}, {"features": ["has_real_ale", "has_evening_meals", "has_lunchtime_meals", "has_sports_tv", "is_close_to_train_station", "is_close_to_bus_stop"], "www_url": null, "facebook_url": null, "address": "2 Castle Street Reading RG1 7RD", "twitter_handle": null, "description": "Horn", "location": "51.4536, -0.975", "phone_number": "(0118) 958 6466", "events_url": null, "name": "Horn", "last_update": "2014-03-04 20:01:58.685451", "postcode": "RG1 7RD"}, {"features": ["has_real_ale", "has_sports_tv", "has_games", "is_close_to_train_station", "is_close_to_bus_stop"], "www_url": null, "facebook_url": null, "address": "144 Friar Street Reading RG1 1EX", "twitter_handle": null, "description": "Bugle", "location": "51.4565, -0.9728", "phone_number": "(0118) 958 9116", "events_url": null, "name": "Bugle", "last_update": "2014-03-04 20:01:59.199974", "postcode": "RG1 1EX"}, {"features": ["has_real_ale", "has_real_cider", "is_locale_accredited", "is_quiet", "has_evening_meals", "is_family_friendly", "has_lunchtime_meals", "has_garden", "has_smoking_area", "has_wifi", "is_close_to_train_station", "is_close_to_bus_stop"], "www_url": "jdwetherspoon.co.uk/home/pubs/the-monks-...", "facebook_url": null, "address": "163 Friar Street Reading RG1 1HE", "twitter_handle": null, "description": "Monks Retreat", "location": "51.4564, -0.971", "phone_number": "(0118) 950 7592", "events_url": null, "name": "Monks Retreat", "last_update": "2014-03-04 20:01:59.206577", "postcode": "RG1 1HE"}, {"features": ["has_real_ale", "has_accommodation", "has_evening_meals", "has_lunchtime_meals", "has_parking", "has_garden", "has_smoking_area", "has_sports_tv", "has_wifi", "is_close_to_train_station", "is_close_to_bus_stop"], "www_url": "relaxinnz.co.uk", "facebook_url": null, "address": "33 London Street Reading RG1 4PS", "twitter_handle": null, "description": "Great Expectations", "location": "51.4526, -0.9681", "phone_number": "(0118) 950 3925", "events_url": null, "name": "Great Expectations", "last_update": "2014-03-04 20:01:59.604408", "postcode": "RG1 4PS"}, {"features": ["has_real_ale", "has_disabled_access", "has_evening_meals", "has_live_music", "has_lunchtime_meals", "is_close_to_train_station", "is_close_to_bus_stop"], "www_url": "pitcherandpiano.com/locations/bar.cfm?ar...", "facebook_url": null, "address": "18 Friar Street Reading RG1 1DB", "twitter_handle": null, "description": "Pitcher & Piano", "location": "51.4568, -0.9713", "phone_number": "(0118) 958 8964", "events_url": null, "name": "Pitcher & Piano", "last_update": "2014-03-04 20:02:00.121693", "postcode": "RG1 1DB"}, {"features": ["has_real_ale", "has_disabled_access", "has_evening_meals", "has_lunchtime_meals", "has_wifi", "is_close_to_train_station", "is_close_to_bus_stop"], "www_url": "wildlimebars.com/bars/cape-reading", "facebook_url": null, "address": "12-14 Friar Street Reading RG1 1DB", "twitter_handle": null, "description": "Wild Lime Bar & Kitchen", "location": "51.4568, -0.9713", "phone_number": "(0118) 958 1457", "events_url": null, "name": "Wild Lime Bar & Kitchen", "last_update": "2014-03-04 20:02:00.532946", "postcode": "RG1 1DB"}, {"features": [], "www_url": "oneills.co.uk/reading", "facebook_url": "https://www.facebook.com/ONeillsPubsReading", "address": "Friar Street Reading RG1 1DB", "twitter_handle": null, "description": "O' Neills", "location": "51.4568, -0.9713", "phone_number": "(0118) 960 6580", "events_url": null, "name": "O' Neills", "last_update": "2014-03-04 20:02:00.679424", "postcode": "RG1 1DB"}, {"features": ["has_real_ale", "has_real_cider", "is_quiet", "has_disabled_access", "has_evening_meals", "is_family_friendly", "has_lunchtime_meals", "has_smoking_area", "has_wifi", "is_close_to_train_station", "is_close_to_bus_stop"], "www_url": "jdwetherspoon.co.uk/home/pubs/the-hope-t...", "facebook_url": null, "address": "99-105 Friar Street Reading RG1 1EP", "twitter_handle": null, "description": "Hope Tap", "location": "51.4564, -0.9746", "phone_number": "(0118) 958 2266", "events_url": null, "name": "Hope Tap", "last_update": "2014-03-04 20:02:00.698035", "postcode": "RG1 1EP"}, {"features": ["has_real_ale", "has_real_cider", "is_locale_accredited", "is_dog_friendly", "is_family_friendly", "has_lined_glasses", "has_garden", "is_close_to_train_station", "is_close_to_bus_stop"], "www_url": "hobgoblinreading.co.uk", "facebook_url": null, "address": "2 Broad Street Reading RG1 2BH", "twitter_handle": null, "description": "Alehouse", "location": "51.4556, -0.9706", "phone_number": "(0118) 950 8119", "events_url": null, "name": "Alehouse", "last_update": "2014-03-04 20:02:00.850066", "postcode": "RG1 2BH"}, {"features": ["has_real_ale", "has_evening_meals", "has_lunchtime_meals", "has_garden", "has_smoking_area", "has_sports_tv", "is_close_to_train_station", "is_close_to_bus_stop"], "www_url": "weareyates.co.uk/pubholdingpage?pubid=mz...", "facebook_url": null, "address": "7-9 Friar Street Reading RG1 1DB", "twitter_handle": null, "description": "Yates", "location": "51.4568, -0.9713", "phone_number": "(0118) 959 7090", "events_url": null, "name": "Yates", "last_update": "2014-03-04 20:02:01.036132", "postcode": "RG1 1DB"}, {"features": ["has_real_ale", "has_live_music", "has_real_fireplace", "has_smoking_area", "has_sports_tv", "has_games"], "www_url": null, "facebook_url": null, "address": "120 Castle Street Reading RG1 7RJ", "twitter_handle": null, "description": "Horse & Jockey", "location": "51.4519, -0.979", "phone_number": "(0118) 959 0172", "events_url": null, "name": "Horse & Jockey", "last_update": "2014-03-04 20:02:01.201069", "postcode": "RG1 7RJ"}, {"features": ["has_real_ale", "has_evening_meals", "has_lunchtime_meals", "has_real_fireplace", "is_close_to_train_station", "is_close_to_bus_stop"], "www_url": null, "facebook_url": null, "address": "35 Blagrave Street Reading RG1 1PW", "twitter_handle": null, "description": "Blagrave Arms", "location": "51.4574, -0.9707", "phone_number": "(0118) 957 5005", "events_url": null, "name": "Blagrave Arms", "last_update": "2014-03-04 20:02:01.226994", "postcode": "RG1 1PW"}, {"features": ["has_real_ale", "has_real_cider", "has_disabled_access", "has_evening_meals", "has_live_music", "has_lunchtime_meals", "has_garden", "has_smoking_area", "is_close_to_train_station", "is_close_to_bus_stop"], "www_url": "oakfordsocialclub.com", "facebook_url": null, "address": "53 Blagrave Street Reading RG1 1PZ", "twitter_handle": null, "description": "Oakford Social Club", "location": "51.4572, -0.9693", "phone_number": "(0118) 959 4267", "events_url": null, "name": "Oakford Social Club", "last_update": "2014-03-04 20:02:01.857811", "postcode": "RG1 1PZ"}, {"features": ["has_real_ale", "has_evening_meals", "has_live_music", "has_lunchtime_meals", "has_garden", "has_smoking_area", "has_wifi", "is_close_to_train_station", "is_close_to_bus_stop"], "www_url": "gkpubs.co.uk/pubs-in-reading/copa-of-rea...", "facebook_url": null, "address": "76-78A Kings Road Reading RG1 3BJ", "twitter_handle": null, "description": "Outlook", "location": "51.4545, -0.9654", "phone_number": "(0118) 958 6549", "events_url": null, "name": "Outlook", "last_update": "2014-03-04 20:02:02.153311", "postcode": "RG1 3BJ"}, {"features": ["has_real_ale", "is_quiet", "has_evening_meals", "has_lunchtime_meals", "has_restaurant", "has_wifi", "is_close_to_train_station", "is_close_to_bus_stop"], "www_url": "cornstoresreading.co.uk", "facebook_url": null, "address": "10 Forbury Road Reading RG1 1SB", "twitter_handle": null, "description": "Corn Stores", "location": "51.4576, -0.9694", "phone_number": "(0118) 951 2340", "events_url": null, "name": "Corn Stores", "last_update": "2014-03-04 20:02:02.169772", "postcode": "RG1 1SB"}, {"features": ["has_real_ale", "has_evening_meals", "has_live_music", "has_lunchtime_meals", "has_newspapers", "has_garden", "has_smoking_area", "is_close_to_bus_stop"], "www_url": null, "facebook_url": null, "address": "31 London Road Reading RG1 5BJ", "twitter_handle": null, "description": "Turks", "location": "51.4507, -0.9663", "phone_number": "(0118) 957 6930", "events_url": null, "name": "Turks", "last_update": "2014-03-04 20:02:05.138674", "postcode": "RG1 5BJ"}, {"features": ["has_real_ale", "has_live_music", "is_close_to_train_station", "is_close_to_bus_stop"], "www_url": null, "facebook_url": null, "address": "18 Forbury Road Reading RG1 1SB", "twitter_handle": null, "description": "Rising Sun", "location": "51.4576, -0.9694", "phone_number": "(0118) 956 0009", "events_url": null, "name": "Rising Sun", "last_update": "2014-03-04 20:02:05.146665", "postcode": "RG1 1SB"}, {"features": ["has_real_ale", "is_quiet", "has_disabled_access", "has_evening_meals", "has_lunchtime_meals", "has_newspapers", "has_garden", "has_restaurant", "has_smoking_area", "has_games", "is_close_to_train_station", "is_close_to_bus_stop"], "www_url": "spirit-house.co.uk/warwick", "facebook_url": null, "address": "77-79 Kings Road Reading RG1 3DD", "twitter_handle": null, "description": "Warwick", "location": "51.455, -0.9637", "phone_number": "(0118) 957 4281", "events_url": null, "name": "Warwick", "last_update": "2014-03-04 20:02:05.152886", "postcode": "RG1 3DD"}, {"features": ["has_real_ale", "has_real_cider", "is_locale_accredited", "is_quiet", "has_disabled_access", "has_evening_meals", "is_family_friendly", "has_lunchtime_meals", "has_newspapers", "has_garden", "has_smoking_area", "has_wifi", "is_close_to_bus_stop"], "www_url": "jdwetherspoon.co.uk/home/pubs/the-back-o...", "facebook_url": null, "address": "104-108 King's Road Reading RG1 3BY", "twitter_handle": null, "description": "Back Of Beyond", "location": "51.4546, -0.9634", "phone_number": "(0118) 959 5906", "events_url": null, "name": "Back Of Beyond", "last_update": "2014-03-04 20:02:05.321553", "postcode": "RG1 3BY"}, {"features": ["has_real_ale", "has_live_music", "has_newspapers", "is_close_to_bus_stop"], "www_url": "wynfordarms.com", "facebook_url": null, "address": "110 King's Road Reading RG1 3BY", "twitter_handle": null, "description": "Wynford Arms", "location": "51.4546, -0.9634", "phone_number": "(0118) 958 9814", "events_url": null, "name": "Wynford Arms", "last_update": "2014-03-04 20:02:05.542566", "postcode": "RG1 3BY"}, {"features": ["has_real_ale", "has_disabled_access", "has_evening_meals", "has_live_music", "has_lunchtime_meals", "has_smoking_area", "has_sports_tv", "is_close_to_train_station", "is_close_to_bus_stop"], "www_url": "three-guineas.co.uk", "facebook_url": null, "address": "Station Approach Reading RG1 1LY", "twitter_handle": null, "description": "Three Guineas", "location": "51.4589, -0.9734", "phone_number": "(0118) 957 2743", "events_url": null, "name": "Three Guineas", "last_update": "2014-03-04 20:02:05.820075", "postcode": "RG1 1LY"}, {"features": ["has_real_ale", "is_dog_friendly", "has_function_room", "has_parking", "has_real_fireplace", "has_sports_tv", "has_games", "is_close_to_train_station", "is_close_to_bus_stop"], "www_url": "fullers.co.uk/rte.asp?id=4&itemid=43&tas...", "facebook_url": null, "address": "85-91 Chatham Street Reading RG1 7DS", "twitter_handle": null, "description": "Butler", "location": "51.4559, -0.9811", "phone_number": "(0118) 959 5500", "events_url": null, "name": "Butler", "last_update": "2014-03-04 20:02:06.086116", "postcode": "RG1 7DS"}, {"features": [], "www_url": "nagsheadreading.com", "facebook_url": "https://www.facebook.com/nagsheadreading", "address": "5 Russell Street Reading RG1 7XD", "twitter_handle": null, "description": "Nags Head", "location": "51.4538, -0.9824", "phone_number": "(0118) 957 4649", "events_url": null, "name": "Nags Head", "last_update": "2014-03-04 20:02:06.337287", "postcode": "RG1 7XD"}, {"features": ["has_real_ale", "has_real_cider", "is_dog_friendly", "is_family_friendly", "has_function_room", "has_live_music", "has_newspapers", "has_sports_tv", "has_games", "is_close_to_bus_stop"], "www_url": "hopback.co.uk/our-pubs/the-hopleaf.html", "facebook_url": null, "address": "163-165 Southampton Street Reading RG1 2QZ", "twitter_handle": null, "description": "Hop Leaf", "location": "51.4474, -0.966066", "phone_number": "(0118) 931 4700", "events_url": null, "name": "Hop Leaf", "last_update": "2014-03-04 20:02:06.493013", "postcode": "RG1 2QZ"}, {"features": ["has_real_ale", "has_parking", "is_close_to_bus_stop"], "www_url": null, "facebook_url": null, "address": "225 Southampton Street Reading RG1 2RB", "twitter_handle": null, "description": "Pheasant", "location": "51.447, -0.9667", "phone_number": "(0118) 987 4151", "events_url": null, "name": "Pheasant", "last_update": "2014-03-04 20:02:06.744568", "postcode": "RG1 2RB"}, {"features": ["has_real_ale", "has_real_cider", "is_quiet", "is_dog_friendly", "has_smoking_area", "has_games", "is_close_to_bus_stop"], "www_url": null, "facebook_url": null, "address": "8 St John's Street Reading RG1 4EH", "twitter_handle": null, "description": "Retreat", "location": "51.4532, -0.9606", "phone_number": "(0118) 957 1593", "events_url": null, "name": "Retreat", "last_update": "2014-03-04 20:02:06.865525", "postcode": "RG1 4EH"}, {"features": ["has_real_ale", "has_real_cider", "has_evening_meals", "has_live_music", "has_lunchtime_meals", "has_newspapers", "is_close_to_bus_stop"], "www_url": "spirit-house.co.uk/lyndhurst", "facebook_url": null, "address": "88 Queens Road Reading RG1 4DG", "twitter_handle": null, "description": "Lyndhurst", "location": "51.4537, -0.9603", "phone_number": "(0118) 961 7267", "events_url": null, "name": "Lyndhurst", "last_update": "2014-03-04 20:02:07.084988", "postcode": "RG1 4DG"}, {"features": ["has_real_ale", "has_evening_meals", "has_live_music", "has_lunchtime_meals", "has_smoking_area", "is_close_to_train_station", "is_close_to_bus_stop"], "www_url": null, "facebook_url": null, "address": "2 Bedford Road Reading RG1 7HS", "twitter_handle": null, "description": "The Royal", "location": "51.4568, -0.9836", "phone_number": "(0118) 959 7482", "events_url": null, "name": "The Royal", "last_update": "2014-03-04 20:02:07.308834", "postcode": "RG1 7HS"}, {"features": [], "www_url": null, "facebook_url": "https://www.facebook.com/theeldonarms.reading", "address": "19 Eldon Terrace Reading RG1 4DX", "twitter_handle": null, "description": "Eldon Arms", "location": "51.4528, -0.9571", "phone_number": "(0118) 957 3857", "events_url": null, "name": "Eldon Arms", "last_update": "2014-03-04 20:02:07.470808", "postcode": "RG1 4DX"}, {"features": [], "www_url": null, "facebook_url": "https://www.facebook.com/www.facebook.com/greyfriarrdg", "address": "53 Greyfriars Road Reading RG1 1PA", "twitter_handle": null, "description": "Greyfriar", "location": "51.4585, -0.9757", "phone_number": "(0118) 958 0560", "events_url": null, "name": "Greyfriar", "last_update": "2014-03-04 20:02:07.536376", "postcode": "RG1 1PA"}, {"features": ["has_real_ale", "has_evening_meals", "has_live_music", "has_lunchtime_meals", "has_sports_tv", "is_close_to_train_station", "is_close_to_bus_stop"], "www_url": "reading-irish-pub.co.uk", "facebook_url": null, "address": "31 Greyfriars Road Reading RG1 1PA", "twitter_handle": null, "description": "Gateway", "location": "51.4585, -0.9757", "phone_number": "(0118) 959 0376", "events_url": null, "name": "Gateway", "last_update": "2014-03-04 20:02:07.607602", "postcode": "RG1 1PA"}, {"features": ["has_real_ale", "has_evening_meals", "has_lunchtime_meals", "has_garden", "has_smoking_area", "has_sports_tv", "is_close_to_train_station", "is_close_to_bus_stop"], "www_url": "gkpubs.co.uk/reading/rose-and-thistle", "facebook_url": null, "address": "43 Argyle Road Reading RG1 7YL", "twitter_handle": null, "description": "Rose & Thistle", "location": "51.4535, -0.9886", "phone_number": "(0118) 957 3851", "events_url": null, "name": "Rose & Thistle", "last_update": "2014-03-04 20:02:07.660800", "postcode": "RG1 7YL"}, {"features": ["has_real_ale", "is_dog_friendly", "has_evening_meals", "has_live_music", "has_lunchtime_meals", "has_newspapers", "has_parking", "has_garden", "has_real_fireplace", "has_smoking_area", "has_sports_tv", "has_games", "has_wifi"], "www_url": "fullers.co.uk/rte.asp?id=4&itemid=104&ta...", "facebook_url": null, "address": "224 Kennetside Reading RG1 3DW", "twitter_handle": null, "description": "Fisherman's Cottage", "location": "51.4555, -0.956", "phone_number": "(0118) 957 1553", "events_url": null, "name": "Fisherman's Cottage", "last_update": "2014-03-04 20:02:07.843686", "postcode": "RG1 3DW"}, {"features": ["has_real_ale", "has_real_cider", "is_dog_friendly", "has_evening_meals", "has_live_music", "has_lunchtime_meals", "has_garden", "has_real_fireplace", "has_smoking_area", "has_sports_tv", "has_games", "is_close_to_train_station", "is_close_to_bus_stop"], "www_url": null, "facebook_url": null, "address": "79-81 Brunswick Street Reading RG1 6NY", "twitter_handle": null, "description": "Foresters Arms", "location": "51.4511, -0.9898", "phone_number": "(0118) 376 9128", "events_url": null, "name": "Foresters Arms", "last_update": "2014-03-04 20:02:08.211350", "postcode": "RG1 6NY"}, {"features": ["has_real_ale", "has_evening_meals", "has_live_music", "has_lunchtime_meals", "has_newspapers", "has_garden", "has_smoking_area", "has_sports_tv", "has_games", "is_close_to_train_station", "is_close_to_bus_stop"], "www_url": "spirit-house.co.uk/moderation", "facebook_url": null, "address": "213 Caversham Road Reading RG1 8BB", "twitter_handle": null, "description": "Moderation", "location": "51.4638, -0.977", "phone_number": "(0118) 375 0767", "events_url": null, "name": "Moderation", "last_update": "2014-03-04 20:02:08.218149", "postcode": "RG1 8BB"}, {"features": ["has_real_ale", "has_evening_meals", "is_family_friendly", "has_lunchtime_meals", "has_parking", "has_garden", "has_restaurant", "has_smoking_area"], "www_url": "toby-carvery.co.uk/find-a-toby/caversham...", "facebook_url": null, "address": "Richfield Avenue Reading RG1 8EQ", "twitter_handle": null, "description": "Toby Carvery", "location": "51.4632, -0.983418", "phone_number": "(0118) 950 5044", "events_url": null, "name": "Toby Carvery", "last_update": "2014-03-04 20:02:08.224151", "postcode": "RG1 8EQ"}, {"features": ["has_real_ale", "has_real_cider", "has_disabled_access", "has_evening_meals", "has_live_music", "has_lunchtime_meals", "has_parking", "has_garden", "has_smoking_area", "is_close_to_bus_stop"], "www_url": "theabbotcookreading.co.uk", "facebook_url": null, "address": "151-153 London Road Reading RG1 5DE", "twitter_handle": null, "description": "Abbot Cook", "location": "51.4528, -0.9511", "phone_number": "(0118) 935 4095", "events_url": null, "name": "Abbot Cook", "last_update": "2014-03-04 20:02:08.415378", "postcode": "RG1 5DE"}, {"features": ["has_real_ale", "has_real_cider", "is_dog_friendly", "has_evening_meals", "has_live_music", "has_lunchtime_meals", "has_real_fireplace", "has_sports_tv", "has_games"], "www_url": null, "facebook_url": null, "address": "314 Kennetside Reading RG1 3EA", "twitter_handle": null, "description": "Jolly Anglers", "location": "51.4569, -0.9517", "phone_number": "(0118) 376 7823", "events_url": null, "name": "Jolly Anglers", "last_update": "2014-03-04 20:02:08.670749", "postcode": "RG1 3EA"}, {"features": [], "www_url": "facebook.com/pages/the-fox-and-hounds-be...", "facebook_url": "https://www.facebook.com/pages/The-Fox-and-Hounds-Beer-House-Caversham/224747590878173", "address": "51 Gosbrook Road Caversham RG4 8BN", "twitter_handle": null, "description": "Fox & Hounds", "location": "51.4663, -0.9694", "phone_number": "07540 816293", "events_url": null, "name": "Fox & Hounds", "last_update": "2014-03-04 20:02:08.689017", "postcode": "RG4 8BN"}, {"features": ["has_real_ale", "has_evening_meals", "has_lunchtime_meals", "has_smoking_area", "has_sports_tv", "is_close_to_bus_stop"], "www_url": "thecrownonthebridge.co.uk", "facebook_url": null, "address": "3 Bridge Street Caversham RG4 8AA", "twitter_handle": null, "description": "Crown on the Bridge", "location": "51.4668, -0.977", "phone_number": "(0118) 954 5300", "events_url": null, "name": "Crown on the Bridge", "last_update": "2014-03-04 20:02:08.706050", "postcode": "RG4 8AA"}, {"features": ["has_real_ale", "is_cask_marque_accredited", "has_disabled_access", "is_dog_friendly", "has_evening_meals", "is_family_friendly", "has_lunchtime_meals", "has_parking", "has_smoking_area", "has_sports_tv", "has_games", "is_close_to_bus_stop"], "www_url": "brakspear.co.uk/our_pubs/pub_page/44/cli...", "facebook_url": null, "address": "Gosbrook Road Caversham RG4 8BS", "twitter_handle": null, "description": "Clifton Arms", "location": "51.4671, -0.9713", "phone_number": "(0118) 947 1775", "events_url": null, "name": "Clifton Arms", "last_update": "2014-03-04 20:02:09.127874", "postcode": "RG4 8BS"}, {"features": [], "www_url": "queensheadreading.com", "facebook_url": "https://www.facebook.com/QueensHeadPub", "address": "54 Christchurch Road Reading RG2 7AZ", "twitter_handle": null, "description": "Queens Head", "location": "51.4428, -0.9557", "phone_number": "(0118) 986 3040", "events_url": null, "name": "Queens Head", "last_update": "2014-03-04 20:02:09.185256", "postcode": "RG2 7AZ"}, {"features": ["has_real_ale", "has_real_cider", "is_quiet", "has_evening_meals", "is_family_friendly", "has_live_music", "has_lunchtime_meals", "has_newspapers", "has_parking", "has_garden", "has_real_fireplace", "has_restaurant", "has_smoking_area", "is_close_to_bus_stop"], "www_url": "thegriffincaversham.co.uk", "facebook_url": null, "address": "10/12 Church Road Caversham RG4 7AD", "twitter_handle": null, "description": "Griffin", "location": "51.4675, -0.9785", "phone_number": "(0118) 947 5018", "events_url": null, "name": "Griffin", "last_update": "2014-03-04 20:02:09.536707", "postcode": "RG4 7AD"}, {"features": ["has_real_ale", "has_disabled_access", "has_evening_meals", "is_family_friendly", "has_lunchtime_meals", "has_parking", "has_garden"], "www_url": "brewersfayre.co.uk/beefeater/restaurants...", "facebook_url": null, "address": "Southcote Lane Reading RG30 3AB", "twitter_handle": null, "description": "Southcote", "location": "51.4475, -0.9959", "phone_number": "(0118) 957 2685", "events_url": null, "name": "Southcote", "last_update": "2014-03-04 20:02:09.652573", "postcode": "RG30 3AB"}, {"features": ["has_real_ale", "has_disabled_access", "has_evening_meals", "is_family_friendly", "has_lunchtime_meals", "has_newspapers", "is_close_to_bus_stop"], "www_url": "thelounges.co.uk/alto-lounge", "facebook_url": null, "address": "32 Church Street Caversham RG4 8AU", "twitter_handle": null, "description": "Alto Lounge", "location": "51.4677, -0.9741", "phone_number": "(0118) 947 3522", "events_url": null, "name": "Alto Lounge", "last_update": "2014-03-04 20:02:10.154428", "postcode": "RG4 8AU"}, {"features": ["has_real_ale", "has_accommodation", "is_dog_friendly", "has_parking", "has_garden", "has_sports_tv", "has_games", "is_close_to_bus_stop"], "www_url": null, "facebook_url": null, "address": "56 Star Road Caversham RG4 5BE", "twitter_handle": null, "description": "Red Cow", "location": "51.4671, -0.9586", "phone_number": "(0118) 948 3208", "events_url": null, "name": "Red Cow", "last_update": "2014-03-04 20:02:10.161688", "postcode": "RG4 5BE"}, {"features": ["has_real_ale", "has_real_cider", "is_locale_accredited", "is_quiet", "has_disabled_access", "has_evening_meals", "is_family_friendly", "has_lunchtime_meals", "has_newspapers", "has_smoking_area", "has_wifi", "is_close_to_bus_stop"], "www_url": "jdwetherspoon.co.uk/pubs/pub-details.php...", "facebook_url": null, "address": "22-24 Prospect Street Caversham RG4 8JG", "twitter_handle": null, "description": "Baron Cadogan", "location": "51.4679, -0.9729", "phone_number": "(0118) 948 1078", "events_url": null, "name": "Baron Cadogan", "last_update": "2014-03-04 20:02:10.168070", "postcode": "RG4 8JG"}, {"features": ["has_real_ale", "is_dog_friendly", "has_parking", "has_garden", "has_smoking_area", "has_sports_tv", "is_close_to_bus_stop"], "www_url": "brakspear.co.uk/our_pubs/pub_page/130/pr...", "facebook_url": null, "address": "76 Prospect Street Caversham RG4 8JN", "twitter_handle": null, "description": "Prince of Wales", "location": "51.469, -0.9712", "phone_number": "(0118) 947 2267", "events_url": null, "name": "Prince of Wales", "last_update": "2014-03-04 20:02:10.174761", "postcode": "RG4 8JN"}, {"features": ["has_real_ale", "has_member_discount_scheme", "has_evening_meals", "has_live_music", "has_lunchtime_meals", "has_garden", "has_smoking_area", "has_sports_tv", "has_games", "has_wifi", "is_close_to_bus_stop"], "www_url": "collegearmspub.co.uk", "facebook_url": null, "address": "128 Wokingham Road Reading RG6 1JL", "twitter_handle": null, "description": "College Arms", "location": "51.4501, -0.9397", "phone_number": "(0118) 935 1504", "events_url": null, "name": "College Arms", "last_update": "2014-03-04 20:02:10.668478", "postcode": "RG6 1JL"}, {"features": ["has_real_ale", "has_newspapers", "has_sports_tv", "has_games", "is_close_to_bus_stop"], "www_url": null, "facebook_url": null, "address": "738 Oxford Rd Reading RG30 1EH", "twitter_handle": null, "description": "Pond House", "location": "51.4601, -1.0079", "phone_number": "(0118) 958 3664", "events_url": null, "name": "Pond House", "last_update": "2014-03-04 20:02:10.675097", "postcode": "RG30 1EH"}, {"features": ["has_real_ale", "has_evening_meals", "is_family_friendly", "has_lunchtime_meals", "is_close_to_train_station", "is_close_to_bus_stop"], "www_url": "gkpubs.co.uk/pubs-in-reading/spread-eagl...", "facebook_url": null, "address": "117 Norfolk Road Reading RG30 2EG", "twitter_handle": null, "description": "Spread Eagle", "location": "51.4538, -1.0009", "phone_number": "(0118) 957 3558", "events_url": null, "name": "Spread Eagle", "last_update": "2014-03-04 20:02:10.685113", "postcode": "RG30 2EG"}, {"features": ["has_real_ale", "has_disabled_access", "has_evening_meals", "is_family_friendly", "has_lunchtime_meals", "has_parking", "has_garden", "has_smoking_area", "has_games", "is_close_to_bus_stop"], "www_url": "sizzlingpubs.co.uk/thetravellersrestcave...", "facebook_url": null, "address": "108 Henley Road Caversham RG4 5DL", "twitter_handle": null, "description": "Travellers Rest", "location": "51.4707, -0.9545", "phone_number": "(0118) 947 9441", "events_url": null, "name": "Travellers Rest", "last_update": "2014-03-04 20:02:10.703158", "postcode": "RG4 5DL"}, {"features": ["has_real_ale", "has_disabled_access", "has_evening_meals", "is_family_friendly", "has_lunchtime_meals", "has_garden", "has_restaurant", "has_smoking_area", "is_close_to_bus_stop"], "www_url": "crowncarveries.co.uk/find-us/theworldtur...", "facebook_url": null, "address": "387 Basingstoke Road Reading RG2 0JE", "twitter_handle": null, "description": "World Turned Upside Down", "location": "51.429, -0.9689", "phone_number": "(0118) 987 1763", "events_url": null, "name": "World Turned Upside Down", "last_update": "2014-03-04 20:02:11.282133", "postcode": "RG2 0JE"}, {"features": ["has_real_ale", "is_dog_friendly", "has_evening_meals", "has_function_room", "has_lunchtime_meals", "has_parking", "has_garden", "has_real_fireplace", "has_smoking_area", "has_games", "is_close_to_bus_stop"], "www_url": null, "facebook_url": null, "address": "37 Auckland Road Reading RG6 1NY", "twitter_handle": null, "description": "Roebuck", "location": "51.4473, -0.9332", "phone_number": "(0118) 966 3305", "events_url": null, "name": "Roebuck", "last_update": "2014-03-04 20:02:11.289454", "postcode": "RG6 1NY"}, {"features": [], "www_url": "greenekingmeetandeat.co.uk/pub-details.p...", "facebook_url": "https://www.facebook.com/gardeners.arms.5", "address": "48 Surley Row Emmer Green RG4 8NA", "twitter_handle": null, "description": "Gardeners Arms", "location": "51.479, -0.9707", "phone_number": "(0118) 948 1507", "events_url": null, "name": "Gardeners Arms", "last_update": "2014-03-04 20:02:11.295665", "postcode": "RG4 8NA"}, {"features": ["has_real_ale", "has_disabled_access", "has_evening_meals", "is_family_friendly", "has_lunchtime_meals", "has_parking", "has_garden", "is_close_to_bus_stop"], "www_url": "gkpubs.co.uk/reading/sportsman", "facebook_url": null, "address": "201 Shinfield Road Reading RG2 7DS", "twitter_handle": null, "description": "Sportsman", "location": "51.4294, -0.9458", "phone_number": "(0118) 975 2089", "events_url": null, "name": "Sportsman", "last_update": "2014-03-04 20:02:11.760872", "postcode": "RG2 7DS"}, {"features": ["has_real_ale", "has_evening_meals", "is_family_friendly", "has_lunchtime_meals", "has_parking", "has_garden", "has_smoking_area", "has_sports_tv", "is_close_to_bus_stop"], "www_url": "gkpubs.co.uk/pubs-in-emmer-green/white-h...", "facebook_url": null, "address": "9 Kidmore End Road Emmer Green RG4 8SD", "twitter_handle": null, "description": "White Horse", "location": "51.4832, -0.9635", "phone_number": "(0118) 947 3741", "events_url": null, "name": "White Horse", "last_update": "2014-03-04 20:02:11.778151", "postcode": "RG4 8SD"}, {"features": ["has_real_ale", "is_cask_marque_accredited", "has_disabled_access", "has_evening_meals", "is_family_friendly", "has_lunchtime_meals", "has_parking", "has_garden", "has_restaurant", "has_smoking_area", "has_wifi", "is_close_to_bus_stop"], "www_url": "emberinns.co.uk/thegrosvenorcaversham", "facebook_url": null, "address": "Kidmore Road Caversham RG4 7NH", "twitter_handle": null, "description": "Grosvenor", "location": "51.4804, -0.9859", "phone_number": "(0118) 947 4643", "events_url": null, "name": "Grosvenor", "last_update": "2014-03-04 20:02:11.796911", "postcode": "RG4 7NH"}, {"features": ["has_real_ale", "is_dog_friendly", "has_evening_meals", "has_lunchtime_meals", "has_newspapers", "has_parking", "has_garden", "has_smoking_area", "has_sports_tv", "has_wifi", "is_close_to_bus_stop"], "www_url": "threetunsreading.com", "facebook_url": null, "address": "191 Wokingham Road Reading RG6 1LT", "twitter_handle": null, "description": "Three Tuns", "location": "51.4429, -0.9319", "phone_number": "(0118) 926 2170", "events_url": null, "name": "Three Tuns", "last_update": "2014-03-04 20:02:12.200266", "postcode": "RG6 1LT"}, {"features": ["has_real_ale", "has_disabled_access", "has_evening_meals", "is_family_friendly", "has_lunchtime_meals", "has_parking", "has_garden", "has_smoking_area", "is_close_to_bus_stop"], "www_url": "hungryhorse.co.uk/index.php/pub-finder/d...", "facebook_url": null, "address": "162 Bath Road Southcote RG30 2HA", "twitter_handle": null, "description": "George & Dragon", "location": "51.4443, -1.02", "phone_number": "(0118) 959 0694", "events_url": null, "name": "George & Dragon", "last_update": "2014-03-04 20:02:12.274906", "postcode": "RG30 2HA"}, {"features": ["has_real_ale", "is_dog_friendly", "has_garden", "has_real_fireplace", "has_smoking_area", "has_sports_tv", "has_games", "is_close_to_bus_stop"], "www_url": null, "facebook_url": null, "address": "Kidmore End Road Emmer Green RG4 8SE", "twitter_handle": null, "description": "Black Horse", "location": "51.4842, -0.9643", "phone_number": "(0118) 947 4111", "events_url": null, "name": "Black Horse", "last_update": "2014-03-04 20:02:12.299074", "postcode": "RG4 8SE"}, {"features": ["has_real_ale", "has_parking", "has_garden", "has_sports_tv", "is_close_to_bus_stop"], "www_url": null, "facebook_url": null, "address": "208 Bath Road Southcote RG30 2HJ", "twitter_handle": null, "description": "Horncastle", "location": "51.4445, -1.0248", "phone_number": "(0118) 945 1265", "events_url": null, "name": "Horncastle", "last_update": "2014-03-04 20:02:12.578290", "postcode": "RG30 2HJ"}, {"features": ["has_real_ale", "has_accommodation", "has_disabled_access", "has_evening_meals", "has_lunchtime_meals", "has_newspapers", "has_parking", "has_garden", "has_smoking_area", "has_sports_tv", "has_games", "is_close_to_bus_stop"], "www_url": null, "facebook_url": null, "address": "London Road (Shepherds Hill Top) Woodley RG6 1BD", "twitter_handle": null, "description": "Shepherd's House", "location": "51.4599, -0.9174", "phone_number": "(0118) 926 7293", "events_url": null, "name": "Shepherd's House", "last_update": "2014-03-04 20:02:12.763414", "postcode": "RG6 1BD"}, {"features": ["has_real_ale", "has_evening_meals", "has_lunchtime_meals", "is_close_to_bus_stop"], "www_url": null, "facebook_url": null, "address": "Playhatch RG4 9QU", "twitter_handle": null, "description": "Shoulder of Mutton", "location": "51.478991, -0.934342", "phone_number": "(0118) 947 3908", "events_url": null, "name": "Shoulder of Mutton", "last_update": "2014-03-04 20:02:12.778235", "postcode": "RG4 9QU"}, {"features": ["has_real_ale", "is_cask_marque_accredited", "has_accommodation", "has_evening_meals", "has_lunchtime_meals", "has_parking", "has_garden", "has_real_fireplace", "has_restaurant", "has_smoking_area", "is_close_to_bus_stop"], "www_url": null, "facebook_url": null, "address": "Foxhill Lane Playhatch RG4 9QN", "twitter_handle": null, "description": "Crown", "location": "51.479905, -0.935425", "phone_number": "(0118) 947 2872", "events_url": null, "name": "Crown", "last_update": "2014-03-04 20:02:13.224139", "postcode": "RG4 9QN"}, {"features": ["has_real_ale", "has_disabled_access", "has_parking", "has_garden", "has_sports_tv", "has_wifi", "is_close_to_bus_stop"], "www_url": "earleyretreatreading.co.uk", "facebook_url": null, "address": "Chalfont Close Lower Earley RG6 5HZ", "twitter_handle": null, "description": "Earley Retreat", "location": "51.4256, -0.9324", "phone_number": "(0118) 987 6579", "events_url": null, "name": "Earley Retreat", "last_update": "2014-03-04 20:02:13.637484", "postcode": "RG6 5HZ"}, {"features": [], "www_url": "themaidenover.com", "facebook_url": "https://www.facebook.com/santinosmaiden.over", "address": "Silverdale Road Earley RG6 7NG", "twitter_handle": null, "description": "Maiden Over", "location": "51.436, -0.9256", "phone_number": "(0118) 966 7575", "events_url": null, "name": "Maiden Over", "last_update": "2014-03-04 20:02:13.645657", "postcode": "RG6 7NG"}, {"features": ["has_real_ale", "has_evening_meals", "has_lunchtime_meals", "has_parking", "has_garden", "has_smoking_area", "has_sports_tv", "is_close_to_bus_stop"], "www_url": "sizzlingpubs.co.uk/thetylersresttilehurs...", "facebook_url": null, "address": "149 Norcot Road Tilehurst RG30 6BS", "twitter_handle": null, "description": "Tylers Rest", "location": "51.4595, -1.0303", "phone_number": "(0118) 941 5939", "events_url": null, "name": "Tylers Rest", "last_update": "2014-03-04 20:02:13.651777", "postcode": "RG30 6BS"}, {"features": ["has_real_ale", "has_evening_meals", "has_lunchtime_meals", "has_parking", "has_garden", "has_real_fireplace", "has_restaurant", "has_smoking_area", "has_wifi", "is_close_to_bus_stop"], "www_url": "vintageinn.co.uk/thecunningmanburghfield...", "facebook_url": null, "address": "Burghfield Road Burghfield Bridge RG30 3RB", "twitter_handle": null, "description": "Cunning Man", "location": "51.4315, -1.0221", "phone_number": "(0118) 959 8067", "events_url": null, "name": "Cunning Man", "last_update": "2014-03-04 20:02:13.853459", "postcode": "RG30 3RB"}, {"features": ["has_real_ale", "is_quiet", "has_evening_meals", "is_family_friendly", "has_lunchtime_meals", "has_parking", "has_garden", "has_real_fireplace", "has_restaurant", "has_smoking_area", "has_games", "is_close_to_bus_stop"], "www_url": "thepacksaddle.com", "facebook_url": null, "address": "Chazey Heath Mapledurham RG4 7UD", "twitter_handle": null, "description": "Pack Saddle at Mapledurham", "location": "51.489137, -1.00036", "phone_number": "(0118) 946 3000", "events_url": null, "name": "Pack Saddle at Mapledurham", "last_update": "2014-03-04 20:02:14.078451", "postcode": "RG4 7UD"}, {"features": ["has_real_ale", "has_disabled_access", "has_evening_meals", "is_family_friendly", "has_lunchtime_meals", "has_parking", "has_garden", "has_smoking_area", "has_sports_tv", "is_close_to_train_station", "is_close_to_bus_stop"], "www_url": "thethatcherstavern.com", "facebook_url": null, "address": "Fairwater Drive Woodley RG5 3EZ", "twitter_handle": null, "description": "Thatchers Tavern", "location": "51.4439, -0.9084", "phone_number": "(0118) 926 7846", "events_url": null, "name": "Thatchers Tavern", "last_update": "2014-03-04 20:02:14.093100", "postcode": "RG5 3EZ"}, {"features": ["has_real_ale", "has_evening_meals", "is_family_friendly", "has_lunchtime_meals", "has_parking", "has_garden", "has_restaurant", "has_wifi", "is_close_to_bus_stop"], "www_url": "tobycarvery.co.uk/lowerearleyreading", "facebook_url": null, "address": "Unit 2, The Square Lower Earley RG6 5HJ", "twitter_handle": null, "description": "Toby Carvery", "location": "51.4232, -0.9344", "phone_number": "(0118) 975 0381", "events_url": null, "name": "Toby Carvery", "last_update": "2014-03-04 20:02:14.110891", "postcode": "RG6 5HJ"}, {"features": ["has_real_ale", "has_disabled_access", "has_evening_meals", "is_family_friendly", "has_lunchtime_meals", "has_newspapers"], "www_url": "thelounges.co.uk", "facebook_url": null, "address": "55a-b Crockhamwell Road Woodley RG5 3JX", "twitter_handle": null, "description": "Bosco Lounge", "location": "51.453, -0.9063", "phone_number": "(0118) 969 6293", "events_url": null, "name": "Bosco Lounge", "last_update": "2014-03-04 20:02:14.268290", "postcode": "RG5 3JX"}, {"features": ["has_real_ale", "has_evening_meals", "has_lunchtime_meals", "has_parking", "has_garden", "has_real_fireplace", "has_smoking_area", "is_close_to_bus_stop"], "www_url": "blackboyshinfield.co.uk", "facebook_url": null, "address": "Shinfield Road (M4 overpass) Shinfield RG2 9BP", "twitter_handle": null, "description": "Black Boy", "location": "51.4131, -0.9501", "phone_number": "(0118) 988 3116", "events_url": null, "name": "Black Boy", "last_update": "2014-03-04 20:02:14.449577", "postcode": "RG2 9BP"}, {"features": ["has_real_ale", "is_dog_friendly", "is_family_friendly", "has_parking", "has_garden", "has_smoking_area", "has_sports_tv", "has_games", "is_close_to_bus_stop"], "www_url": null, "facebook_url": null, "address": "9 Lower Armour Road Tilehurst RG31 6HH", "twitter_handle": null, "description": "Butchers Arms", "location": "51.464, -1.0382", "phone_number": "(0118) 942 4313", "events_url": null, "name": "Butchers Arms", "last_update": "2014-03-04 20:02:14.462468", "postcode": "RG31 6HH"}, {"features": ["has_real_ale", "is_cask_marque_accredited", "is_dog_friendly", "has_evening_meals", "is_family_friendly", "has_live_music", "has_lunchtime_meals", "has_parking", "has_garden", "has_real_fireplace", "has_restaurant", "has_smoking_area", "has_games", "has_wifi", "is_close_to_bus_stop"], "www_url": "theflowingspringpub.co.uk", "facebook_url": null, "address": "Henley Road Playhatch RG4 9RB", "twitter_handle": null, "description": "Flowing Spring", "location": "51.484718, -0.92619", "phone_number": "(0118) 969 9878", "events_url": null, "name": "Flowing Spring", "last_update": "2014-03-04 20:02:14.556317", "postcode": "RG4 9RB"}, {"features": ["has_real_ale", "has_live_music", "has_smoking_area", "has_sports_tv", "is_close_to_bus_stop"], "www_url": null, "facebook_url": null, "address": "78 School Road Tilehurst RG31 5AW", "twitter_handle": null, "description": "Plough", "location": "51.4583, -1.0407", "phone_number": "(0118) 945 1108", "events_url": null, "name": "Plough", "last_update": "2014-03-04 20:02:14.608171", "postcode": "RG31 5AW"}, {"features": ["has_real_ale", "is_cask_marque_accredited", "has_accommodation", "has_evening_meals", "is_family_friendly", "has_lunchtime_meals", "has_newspapers", "has_parking", "has_garden", "has_real_fireplace", "has_restaurant", "has_sports_tv", "is_close_to_bus_stop"], "www_url": "bullinnsonning.co.uk", "facebook_url": null, "address": "High Street Sonning RG4 6UP", "twitter_handle": null, "description": "Bull Inn", "location": "51.4733, -0.9114", "phone_number": "(0118) 969 3901", "events_url": null, "name": "Bull Inn", "last_update": "2014-03-04 20:02:14.805963", "postcode": "RG4 6UP"}, {"features": ["has_real_ale", "has_accommodation", "has_evening_meals", "has_function_room", "has_lunchtime_meals", "has_parking", "has_garden", "has_restaurant", "is_close_to_bus_stop"], "www_url": "greathouseatsonning.co.uk", "facebook_url": null, "address": "Thames Street Sonning RG4 6UT", "twitter_handle": null, "description": "Great House Hotel", "location": "51.4752, -0.9128", "phone_number": "(0118) 969 2277", "events_url": null, "name": "Great House Hotel", "last_update": "2014-03-04 20:02:14.820178", "postcode": "RG4 6UT"}, {"features": ["has_real_ale", "has_accommodation", "has_disabled_access", "has_evening_meals", "is_family_friendly", "has_live_music", "has_lunchtime_meals", "has_garden", "has_smoking_area", "has_games", "has_wifi"], "www_url": "thesevenredroseslowerearley.co.uk", "facebook_url": null, "address": "19 Maiden Place Lower Earley RG6 3HA", "twitter_handle": null, "description": "Seven Red Roses", "location": "51.4283, -0.9151", "phone_number": "(0118) 935 4103", "events_url": null, "name": "Seven Red Roses", "last_update": "2014-03-04 20:02:15.171581", "postcode": "RG6 3HA"}, {"features": ["has_real_ale", "has_evening_meals", "is_family_friendly", "has_lunchtime_meals", "has_garden", "has_sports_tv", "has_wifi"], "www_url": "hungryhorse.co.uk/index.php/pub-finder/d...", "facebook_url": null, "address": "Church Lane Shinfield RG2 9DA", "twitter_handle": null, "description": "Six Bells", "location": "51.4109, -0.9574", "phone_number": "(0118) 988 3526", "events_url": null, "name": "Six Bells", "last_update": "2014-03-04 20:02:15.179455", "postcode": "RG2 9DA"}, {"features": ["has_real_ale", "has_real_cider", "is_dog_friendly", "has_evening_meals", "is_family_friendly", "has_function_room", "has_lunchtime_meals", "has_newspapers", "has_parking", "has_smoking_area", "has_sports_tv", "has_games", "is_close_to_bus_stop"], "www_url": null, "facebook_url": null, "address": "Woodford Park Leisure Centre,Haddon Drive Woodley RG5 4LY", "twitter_handle": null, "description": "Inn on the Park", "location": "51.457, -0.9026", "phone_number": "(0118) 962 8655", "events_url": null, "name": "Inn on the Park", "last_update": "2014-03-04 20:02:15.474833", "postcode": "RG5 4LY"}, {"features": ["has_real_ale", "has_garden", "has_sports_tv", "is_close_to_bus_stop"], "www_url": null, "facebook_url": null, "address": "111 School Road Tilehurst RG31 5BG", "twitter_handle": null, "description": "Prince of Wales", "location": "51.4566, -1.0435", "phone_number": "(0118) 945 8931", "events_url": null, "name": "Prince of Wales", "last_update": "2014-03-04 20:02:15.485892", "postcode": "RG31 5BG"}, {"features": ["has_real_ale", "has_disabled_access", "has_parking", "has_sports_tv", "has_games", "is_close_to_bus_stop"], "www_url": null, "facebook_url": null, "address": "198 Crockhamwell Road Woodley RG5 3JU", "twitter_handle": null, "description": "Chequers", "location": "51.447, -0.9003", "phone_number": "(0118) 969 9756", "events_url": null, "name": "Chequers", "last_update": "2014-03-04 20:02:15.599066", "postcode": "RG5 3JU"}, {"features": [], "www_url": "johnbarras.com/pub/good-companions-woodl...", "facebook_url": "https://www.facebook.com/good.companions.3", "address": "149 Loddon Bridge Road Woodley RG5 4AG", "twitter_handle": null, "description": "Good Companions", "location": "51.4453, -0.8997", "phone_number": "(0118) 969 3325", "events_url": null, "name": "Good Companions", "last_update": "2014-03-04 20:02:15.618267", "postcode": "RG5 4AG"}, {"features": ["has_real_ale", "has_disabled_access", "has_evening_meals", "is_family_friendly", "has_lunchtime_meals", "has_garden", "is_close_to_bus_stop"], "www_url": "flaminggrillpubs.com/pub/water-tower-til...", "facebook_url": null, "address": "160 Park Lane Tilehurst RG31 4DU", "twitter_handle": null, "description": "Water Tower", "location": "51.4526, -1.0465", "phone_number": null, "events_url": null, "name": "Water Tower", "last_update": "2014-03-04 20:02:15.854194", "postcode": "RG31 4DU"}, {"features": ["has_real_ale", "is_locale_accredited", "has_disabled_access", "has_evening_meals", "is_family_friendly", "has_function_room", "has_lunchtime_meals", "has_parking", "has_garden", "has_smoking_area", "has_wifi", "is_close_to_bus_stop"], "www_url": "pub-explorer.com/berkshire/pub/swanthree...", "facebook_url": null, "address": "Basingstoke Road Three Mile Cross RG7 1AT", "twitter_handle": null, "description": "Swan", "location": "51.4062, -0.9733", "phone_number": "(0118) 988 3674", "events_url": null, "name": "Swan", "last_update": "2014-03-04 20:02:15.869350", "postcode": "RG7 1AT"}, {"features": ["has_real_ale", "has_disabled_access", "has_lunchtime_meals", "has_parking", "has_smoking_area", "has_sports_tv", "is_close_to_bus_stop"], "www_url": null, "facebook_url": null, "address": "Church Road Woodley RG5 4QP", "twitter_handle": null, "description": "Bull & Chequers", "location": "51.4554, -0.8955", "phone_number": "(0118) 969 9756", "events_url": null, "name": "Bull & Chequers", "last_update": "2014-03-04 20:02:16.172394", "postcode": "RG5 4QP"}, {"features": ["has_real_ale", "has_real_cider", "is_quiet", "has_accommodation", "is_family_friendly", "has_lunchtime_meals", "has_parking", "has_garden", "has_real_fireplace", "has_smoking_area", "is_close_to_train_station", "is_close_to_bus_stop"], "www_url": "chefandbrewer.com/chefandbrewer/pub-food...", "facebook_url": null, "address": "179 Wokingham Road Earley RG6 7EN", "twitter_handle": null, "description": "George", "location": "51.4378, -0.9002", "phone_number": "(0118) 926 1844", "events_url": null, "name": "George", "last_update": "2014-03-04 20:02:16.188234", "postcode": "RG6 7EN"}, {"features": ["has_real_ale", "has_member_discount_scheme", "is_dog_friendly", "has_live_music", "has_lunchtime_meals", "has_parking", "has_garden", "has_real_fireplace", "has_smoking_area", "has_sports_tv", "has_games", "is_close_to_bus_stop"], "www_url": "theroyaloak-tilehurst.co.uk", "facebook_url": null, "address": "69 Westwood Glen Tilehurst RG31 5NW", "twitter_handle": null, "description": "Royal Oak", "location": "51.4614, -1.0501", "phone_number": "(0118) 941 6056", "events_url": null, "name": "Royal Oak", "last_update": "2014-03-04 20:02:16.478871", "postcode": "RG31 5NW"}, {"features": ["has_real_ale", "has_disabled_access", "is_dog_friendly", "has_evening_meals", "is_family_friendly", "has_lunchtime_meals", "has_parking", "has_garden", "has_real_fireplace", "has_restaurant", "has_wifi", "is_close_to_bus_stop"], "www_url": "homecountiespubs.co.uk/packhorse/home", "facebook_url": null, "address": "Woodcote Road Mapledurham RG4 7UG", "twitter_handle": null, "description": "Packhorse", "location": "51.497888, -1.004995", "phone_number": "(0118) 972 2140", "events_url": null, "name": "Packhorse", "last_update": "2014-03-04 20:02:16.494758", "postcode": "RG4 7UG"}, {"features": ["has_real_ale", "has_member_discount_scheme", "has_disabled_access", "has_evening_meals", "is_family_friendly", "has_lunchtime_meals", "has_parking", "has_garden", "has_real_fireplace", "has_smoking_area", "has_sports_tv", "has_games", "has_wifi", "is_close_to_bus_stop"], "www_url": "foxandhounds-tilehurst.co.uk", "facebook_url": null, "address": "116 City Road Tilehurst RG31 5SB", "twitter_handle": null, "description": "Fox & Hounds", "location": "51.4529, -1.0534", "phone_number": "(0118) 942 2982", "events_url": null, "name": "Fox & Hounds", "last_update": "2014-03-04 20:02:16.607753", "postcode": "RG31 5SB"}, {"features": [], "www_url": null, "facebook_url": "https://www.facebook.com/pages/Bell-and-Bottle-Shinfield-Reading/151945801488805", "address": "37 School Green Shinfield RG2 9EE", "twitter_handle": null, "description": "Bell & Bottle", "location": "51.4048, -0.9458", "phone_number": "(0118) 988 3563", "events_url": null, "name": "Bell & Bottle", "last_update": "2014-03-04 20:02:16.623172", "postcode": "RG2 9EE"}, {"features": ["has_real_ale", "has_parking", "has_garden", "has_real_fireplace", "is_close_to_bus_stop"], "www_url": null, "facebook_url": null, "address": "Hill Bottom Whitchurch Hill RG8 7PU", "twitter_handle": null, "description": "Sun", "location": "51.508758, -1.073925", "phone_number": "(0118) 984 2260", "events_url": null, "name": "Sun", "last_update": "2014-03-04 20:02:16.844507", "postcode": "RG8 7PU"}, {"features": ["has_real_ale", "is_locale_accredited", "is_cask_marque_accredited", "is_quiet", "has_disabled_access", "has_evening_meals", "is_family_friendly", "has_lunchtime_meals", "has_newspapers", "has_parking", "has_garden", "has_real_fireplace", "has_restaurant", "has_smoking_area", "has_wifi", "is_close_to_bus_stop"], "www_url": "chefandbrewer.com/pub/ye-olde-leathern-b...", "facebook_url": null, "address": "221 Barkham Road Wokingham RG41 4BY", "twitter_handle": null, "description": "Olde Leathern Bottel", "location": "51.404311, -0.857171", "phone_number": "(0118) 978 4222", "events_url": null, "name": "Olde Leathern Bottel", "last_update": "2014-03-04 20:02:17.085432", "postcode": "RG41 4BY"}, {"features": ["has_real_ale", "has_disabled_access", "is_dog_friendly", "has_evening_meals", "is_family_friendly", "has_lunchtime_meals", "has_parking", "has_garden", "has_restaurant", "has_smoking_area", "is_close_to_bus_stop"], "www_url": "brunningandprice.co.uk/horseandgroom", "facebook_url": null, "address": "Bath Road (A4) Hare Hatch RG10 9SB", "twitter_handle": null, "description": "Horse & Groom", "location": "51.4942, -0.8445", "phone_number": "(0118) 940 3136", "events_url": null, "name": "Horse & Groom", "last_update": "2014-03-04 20:02:17.100779", "postcode": "RG10 9SB"}, {"features": ["has_real_ale", "has_parking", "has_garden", "has_games", "is_close_to_train_station", "is_close_to_bus_stop"], "www_url": null, "facebook_url": null, "address": "129 Greys Road Henley-on-Thames RG9 1TE", "twitter_handle": null, "description": "Saracens Head", "location": "51.533486, -0.908859", "phone_number": "(01491) 575929", "events_url": null, "name": "Saracens Head", "last_update": "2014-03-04 20:02:17.118089", "postcode": "RG9 1TE"}, {"features": ["has_real_ale", "has_real_cider", "is_locale_accredited", "is_quiet", "has_evening_meals", "is_family_friendly", "has_lunchtime_meals", "has_garden", "has_smoking_area", "has_wifi", "is_close_to_train_station", "is_close_to_bus_stop"], "www_url": "jdwetherspoon.co.uk/home/pubs/the-monks-...", "facebook_url": null, "address": "163 Friar Street Reading RG1 1HE", "twitter_handle": null, "description": "Monks Retreat", "location": "51.4564, -0.971", "phone_number": "(0118) 950 7592", "events_url": null, "name": "Monks Retreat", "last_update": "2014-03-04 20:02:17.376805", "postcode": "RG1 1HE"}, {"features": ["has_real_ale", "has_sports_tv", "has_games", "is_close_to_train_station", "is_close_to_bus_stop"], "www_url": null, "facebook_url": null, "address": "144 Friar Street Reading RG1 1EX", "twitter_handle": null, "description": "Bugle", "location": "51.4565, -0.9728", "phone_number": "(0118) 958 9116", "events_url": null, "name": "Bugle", "last_update": "2014-03-04 20:02:17.455678", "postcode": "RG1 1EX"}, {"features": ["has_real_ale", "has_real_cider", "is_quiet", "has_disabled_access", "has_evening_meals", "is_family_friendly", "has_lunchtime_meals", "has_smoking_area", "has_wifi", "is_close_to_train_station", "is_close_to_bus_stop"], "www_url": "jdwetherspoon.co.uk/home/pubs/the-hope-t...", "facebook_url": null, "address": "99-105 Friar Street Reading RG1 1EP", "twitter_handle": null, "description": "Hope Tap", "location": "51.4564, -0.9746", "phone_number": "(0118) 958 2266", "events_url": null, "name": "Hope Tap", "last_update": "2014-03-04 20:02:17.543591", "postcode": "RG1 1EP"}, {"features": [], "www_url": "oneills.co.uk/reading", "facebook_url": "https://www.facebook.com/ONeillsPubsReading", "address": "Friar Street Reading RG1 1DB", "twitter_handle": null, "description": "O' Neills", "location": "51.4568, -0.9713", "phone_number": "(0118) 960 6580", "events_url": null, "name": "O' Neills", "last_update": "2014-03-04 20:02:17.563704", "postcode": "RG1 1DB"}, {"features": ["has_real_ale", "has_disabled_access", "has_evening_meals", "has_live_music", "has_lunchtime_meals", "is_close_to_train_station", "is_close_to_bus_stop"], "www_url": "pitcherandpiano.com/locations/bar.cfm?ar...", "facebook_url": null, "address": "18 Friar Street Reading RG1 1DB", "twitter_handle": null, "description": "Pitcher & Piano", "location": "51.4568, -0.9713", "phone_number": "(0118) 958 8964", "events_url": null, "name": "Pitcher & Piano", "last_update": "2014-03-04 20:02:17.856562", "postcode": "RG1 1DB"}, {"features": ["has_real_ale", "has_disabled_access", "has_evening_meals", "has_lunchtime_meals", "has_wifi", "is_close_to_train_station", "is_close_to_bus_stop"], "www_url": "wildlimebars.com/bars/cape-reading", "facebook_url": null, "address": "12-14 Friar Street Reading RG1 1DB", "twitter_handle": null, "description": "Wild Lime Bar & Kitchen", "location": "51.4568, -0.9713", "phone_number": "(0118) 958 1457", "events_url": null, "name": "Wild Lime Bar & Kitchen", "last_update": "2014-03-04 20:02:17.874770", "postcode": "RG1 1DB"}, {"features": ["has_real_ale", "has_live_music", "has_real_fireplace", "has_smoking_area", "has_sports_tv", "has_games"], "www_url": null, "facebook_url": null, "address": "120 Castle Street Reading RG1 7RJ", "twitter_handle": null, "description": "Horse & Jockey", "location": "51.4519, -0.979", "phone_number": "(0118) 959 0172", "events_url": null, "name": "Horse & Jockey", "last_update": "2014-03-04 20:02:18.094001", "postcode": "RG1 7RJ"}, {"features": ["has_real_ale", "has_evening_meals", "has_lunchtime_meals", "has_garden", "has_smoking_area", "has_sports_tv", "is_close_to_train_station", "is_close_to_bus_stop"], "www_url": "weareyates.co.uk/pubholdingpage?pubid=mz...", "facebook_url": null, "address": "7-9 Friar Street Reading RG1 1DB", "twitter_handle": null, "description": "Yates", "location": "51.4568, -0.9713", "phone_number": "(0118) 959 7090", "events_url": null, "name": "Yates", "last_update": "2014-03-04 20:02:18.110213", "postcode": "RG1 1DB"}, {"features": ["has_real_ale", "has_evening_meals", "has_lunchtime_meals", "has_real_fireplace", "is_close_to_train_station", "is_close_to_bus_stop"], "www_url": null, "facebook_url": null, "address": "35 Blagrave Street Reading RG1 1PW", "twitter_handle": null, "description": "Blagrave Arms", "location": "51.4574, -0.9707", "phone_number": "(0118) 957 5005", "events_url": null, "name": "Blagrave Arms", "last_update": "2014-03-04 20:02:18.339394", "postcode": "RG1 1PW"}, {"features": ["has_real_ale", "has_evening_meals", "has_live_music", "has_lunchtime_meals", "has_newspapers", "has_garden", "has_smoking_area", "is_close_to_bus_stop"], "www_url": null, "facebook_url": null, "address": "31 London Road Reading RG1 5BJ", "twitter_handle": null, "description": "Turks", "location": "51.4507, -0.9663", "phone_number": "(0118) 957 6930", "events_url": null, "name": "Turks", "last_update": "2014-03-04 20:02:18.360034", "postcode": "RG1 5BJ"}]